,driverId,url,givenName,familyName,dateOfBirth,nationality,permanentNumber,code
0,abate,http://en.wikipedia.org/wiki/Carlo_Mario_Abate,Carlo,Abate,1932-07-10,Italian,,
1,abecassis,http://en.wikipedia.org/wiki/George_Abecassis,George,Abecassis,1913-03-21,British,,
2,acheson,http://en.wikipedia.org/wiki/Kenny_Acheson,Kenny,Acheson,1957-11-27,British,,
3,adams,http://en.wikipedia.org/wiki/Philippe_Adams,Philippe,Adams,1969-11-19,Belgian,,
4,ader,http://en.wikipedia.org/wiki/Walt_Ader,Walt,Ader,1913-12-15,American,,
5,adolff,http://en.wikipedia.org/wiki/Kurt_Adolff,Kurt,Adolff,1921-11-05,German,,
6,agabashian,http://en.wikipedia.org/wiki/Fred_Agabashian,Fred,Agabashian,1913-08-21,American,,
7,ahrens,"http://en.wikipedia.org/wiki/Kurt_Ahrens,_Jr.",Kurt,Ahrens,1940-04-19,German,,
8,aitken,http://en.wikipedia.org/wiki/Jack_Aitken,Jack,Aitken,1995-09-23,British,89,AIT
9,albers,http://en.wikipedia.org/wiki/Christijan_Albers,Christijan,Albers,1979-04-16,Dutch,,ALB
10,albon,http://en.wikipedia.org/wiki/Alexander_Albon,Alexander,Albon,1996-03-23,Thai,23,ALB
11,alboreto,http://en.wikipedia.org/wiki/Michele_Alboreto,Michele,Alboreto,1956-12-23,Italian,,
12,alesi,http://en.wikipedia.org/wiki/Jean_Alesi,Jean,Alesi,1964-06-11,French,,
13,alguersuari,http://en.wikipedia.org/wiki/Jaime_Alguersuari,Jaime,Alguersuari,1990-03-23,Spanish,,ALG
14,alliot,http://en.wikipedia.org/wiki/Philippe_Alliot,Philippe,Alliot,1954-07-27,French,,
15,allison,http://en.wikipedia.org/wiki/Cliff_Allison,Cliff,Allison,1932-02-08,British,,
16,alonso,http://en.wikipedia.org/wiki/Fernando_Alonso,Fernando,Alonso,1981-07-29,Spanish,14,ALO
17,amati,http://en.wikipedia.org/wiki/Giovanna_Amati,Giovanna,Amati,1959-07-20,Italian,,
18,amick,http://en.wikipedia.org/wiki/Red_Amick,Red,Amick,1929-01-19,American,,
19,george_amick,http://en.wikipedia.org/wiki/George_Amick,George,Amick,1924-10-24,American,,
20,amon,http://en.wikipedia.org/wiki/Chris_Amon,Chris,Amon,1943-07-20,New Zealander,,
21,anderson,http://en.wikipedia.org/wiki/Bob_Anderson_(racing_driver),Bob,Anderson,1931-05-19,British,,
22,andersson,http://en.wikipedia.org/wiki/Conny_Andersson_(racing_driver),Conny,Andersson,1939-12-28,Swedish,,
23,andretti,http://en.wikipedia.org/wiki/Michael_Andretti,Michael,Andretti,1962-10-05,American,,
24,mario_andretti,http://en.wikipedia.org/wiki/Mario_Andretti,Mario,Andretti,1940-02-28,American,,
25,andrews,http://en.wikipedia.org/wiki/Keith_Andrews_(driver),Keith,Andrews,1920-06-15,American,,
26,apicella,http://en.wikipedia.org/wiki/Marco_Apicella,Marco,Apicella,1965-10-07,Italian,,
27,armi,http://en.wikipedia.org/wiki/Frank_Armi,Frank,Armi,1918-10-12,American,,
28,arnold,http://en.wikipedia.org/wiki/Chuck_Arnold,Chuck,Arnold,1926-05-30,American,,
29,arnoux,http://en.wikipedia.org/wiki/Ren%C3%A9_Arnoux,René,Arnoux,1948-07-04,French,,
30,arundell,http://en.wikipedia.org/wiki/Peter_Arundell,Peter,Arundell,1933-11-08,British,,
31,ascari,http://en.wikipedia.org/wiki/Alberto_Ascari,Alberto,Ascari,1918-07-13,Italian,,
32,ashdown,http://en.wikipedia.org/wiki/Peter_Ashdown,Peter,Ashdown,1934-10-16,British,,
33,ashley,http://en.wikipedia.org/wiki/Ian_Ashley,Ian,Ashley,1947-10-26,British,,
34,ashmore,http://en.wikipedia.org/wiki/Gerry_Ashmore,Gerry,Ashmore,1936-07-25,British,,
35,aston,http://en.wikipedia.org/wiki/Bill_Aston,Bill,Aston,1900-03-29,British,,
36,attwood,http://en.wikipedia.org/wiki/Richard_Attwood,Richard,Attwood,1940-04-04,British,,
37,ayulo,http://en.wikipedia.org/wiki/Manny_Ayulo,Manny,Ayulo,1921-10-20,American,,
38,badoer,http://en.wikipedia.org/wiki/Luca_Badoer,Luca,Badoer,1971-01-25,Italian,,BAD
39,baghetti,http://en.wikipedia.org/wiki/Giancarlo_Baghetti,Giancarlo,Baghetti,1934-12-25,Italian,,
40,bailey,http://en.wikipedia.org/wiki/Julian_Bailey,Julian,Bailey,1961-10-09,British,,
41,baldi,http://en.wikipedia.org/wiki/Mauro_Baldi,Mauro,Baldi,1954-01-31,Italian,,
42,ball,http://en.wikipedia.org/wiki/Bobby_Ball_(auto_racer),Bobby,Ball,1925-08-26,American,,
43,balsa,http://en.wikipedia.org/wiki/Marcel_Balsa,Marcel,Balsa,1909-01-01,French,,
44,bandini,http://en.wikipedia.org/wiki/Lorenzo_Bandini,Lorenzo,Bandini,1935-12-21,Italian,,
45,banks,http://en.wikipedia.org/wiki/Henry_Banks,Henry,Banks,1913-06-14,American,,
46,barbazza,http://en.wikipedia.org/wiki/Fabrizio_Barbazza,Fabrizio,Barbazza,1963-04-02,Italian,,
47,barber,http://en.wikipedia.org/wiki/Skip_Barber,Skip,Barber,1936-11-16,American,,
48,john_barber,http://en.wikipedia.org/wiki/John_Barber_(racing_driver),John,Barber,1929-07-22,British,,
49,barilla,http://en.wikipedia.org/wiki/Paolo_Barilla,Paolo,Barilla,1961-04-20,Italian,,
50,barrichello,http://en.wikipedia.org/wiki/Rubens_Barrichello,Rubens,Barrichello,1972-05-23,Brazilian,,BAR
51,bartels,http://en.wikipedia.org/wiki/Michael_Bartels,Michael,Bartels,1968-03-08,German,,
52,barth,http://en.wikipedia.org/wiki/Edgar_Barth,Edgar,Barth,1917-01-26,German,,
53,bassi,http://en.wikipedia.org/wiki/Giorgio_Bassi,Giorgio,Bassi,1934-01-20,Italian,,
54,bauer,http://en.wikipedia.org/wiki/Erwin_Bauer,Erwin,Bauer,1912-07-17,German,,
55,baumgartner,http://en.wikipedia.org/wiki/Zsolt_Baumgartner,Zsolt,Baumgartner,1981-01-01,Hungarian,,
56,bayol,http://en.wikipedia.org/wiki/%C3%89lie_Bayol,Élie,Bayol,1914-02-28,French,,
57,beauman,http://en.wikipedia.org/wiki/Don_Beauman,Don,Beauman,1928-07-26,British,,
58,bechem,http://en.wikipedia.org/wiki/G%C3%BCnther_Bechem,Günther,Bechem,1921-12-21,German,,
59,behra,http://en.wikipedia.org/wiki/Jean_Behra,Jean,Behra,1921-02-16,French,,
60,bell,http://en.wikipedia.org/wiki/Derek_Bell_(auto_racer),Derek,Bell,1941-10-31,British,,
61,bellof,http://en.wikipedia.org/wiki/Stefan_Bellof,Stefan,Bellof,1957-11-20,German,,
62,belmondo,http://en.wikipedia.org/wiki/Paul_Belmondo,Paul,Belmondo,1963-04-23,French,,
63,belso,http://en.wikipedia.org/wiki/Tom_Bels%C3%B8,Tom,Belsø,1942-08-27,Danish,,
64,beltoise,http://en.wikipedia.org/wiki/Jean-Pierre_Beltoise,Jean-Pierre,Beltoise,1937-04-26,French,,
65,beretta,http://en.wikipedia.org/wiki/Olivier_Beretta,Olivier,Beretta,1969-11-23,Monegasque,,
66,berg,http://en.wikipedia.org/wiki/Allen_Berg,Allen,Berg,1961-08-01,Canadian,,
67,berger,http://en.wikipedia.org/wiki/Gerhard_Berger,Gerhard,Berger,1959-08-27,Austrian,,
68,georges_berger,http://en.wikipedia.org/wiki/Georges_Berger,Georges,Berger,1918-09-14,Belgian,,
69,bernard,http://en.wikipedia.org/wiki/%C3%89ric_Bernard,Éric,Bernard,1964-08-24,French,,
70,bernoldi,http://en.wikipedia.org/wiki/Enrique_Bernoldi,Enrique,Bernoldi,1978-10-19,Brazilian,,
71,bertaggia,http://en.wikipedia.org/wiki/Enrico_Bertaggia,Enrico,Bertaggia,1964-09-19,Italian,,
72,bettenhausen,http://en.wikipedia.org/wiki/Tony_Bettenhausen,Tony,Bettenhausen,1916-09-12,American,,
73,beuttler,http://en.wikipedia.org/wiki/Mike_Beuttler,Mike,Beuttler,1940-04-13,British,,
74,bianchi,http://en.wikipedia.org/wiki/Lucien_Bianchi,Lucien,Bianchi,1934-11-10,Belgian,,BIA
75,jules_bianchi,http://en.wikipedia.org/wiki/Jules_Bianchi,Jules,Bianchi,1989-08-03,French,17,BIA
76,bianco,http://en.wikipedia.org/wiki/Gino_Bianco,Gino,Bianco,1916-07-22,Brazilian,,
77,binder,http://en.wikipedia.org/wiki/Hans_Binder,Hans,Binder,1948-06-12,Austrian,,
78,biondetti,http://en.wikipedia.org/wiki/Clemente_Biondetti,Clemente,Biondetti,1898-08-18,Italian,,
79,bira,http://en.wikipedia.org/wiki/Prince_Bira,Prince,Bira,1914-07-15,Thai,,
80,birger,http://en.wikipedia.org/wiki/Pablo_Birger,Pablo,Birger,1924-01-07,Argentine,,
81,bisch,http://en.wikipedia.org/wiki/Art_Bisch,Art,Bisch,1926-11-10,American,,
82,blanchard,http://en.wikipedia.org/wiki/Harry_Blanchard,Harry,Blanchard,1929-06-13,American,,
83,bleekemolen,http://en.wikipedia.org/wiki/Michael_Bleekemolen,Michael,Bleekemolen,1949-10-02,Dutch,,
84,blignaut,http://en.wikipedia.org/wiki/Alex_Blignaut,Alex,Blignaut,1932-11-30,South African,,
85,blokdyk,http://en.wikipedia.org/wiki/Trevor_Blokdyk,Trevor,Blokdyk,1935-11-30,South African,,
86,blundell,http://en.wikipedia.org/wiki/Mark_Blundell,Mark,Blundell,1966-04-08,British,,
87,boesel,http://en.wikipedia.org/wiki/Raul_Boesel,Raul,Boesel,1957-12-04,Brazilian,,
88,boffa,http://en.wikipedia.org/wiki/Menato_Boffa,Menato,Boffa,1930-01-04,Italian,,
89,bondurant,http://en.wikipedia.org/wiki/Bob_Bondurant,Bob,Bondurant,1933-04-27,American,,
90,bonetto,http://en.wikipedia.org/wiki/Felice_Bonetto,Felice,Bonetto,1903-06-09,Italian,,
91,bonnier,http://en.wikipedia.org/wiki/Joakim_Bonnier,Jo,Bonnier,1930-01-31,Swedish,,
92,bonomi,http://en.wikipedia.org/wiki/Roberto_Bonomi,Roberto,Bonomi,1919-09-30,Argentine,,
93,bordeu,http://en.wikipedia.org/wiki/Juan_Manuel_Bordeu,Juan Manuel,Bordeu,1934-01-28,Argentine,,
94,borgudd,http://en.wikipedia.org/wiki/Slim_Borgudd,Slim,Borgudd,1946-11-25,Swedish,,
95,botha,http://en.wikipedia.org/wiki/Luki_Botha,Luki,Botha,1930-01-16,South African,,
96,bottas,http://en.wikipedia.org/wiki/Valtteri_Bottas,Valtteri,Bottas,1989-08-28,Finnish,77,BOT
97,boullion,http://en.wikipedia.org/wiki/Jean-Christophe_Boullion,Jean-Christophe,Boullion,1969-12-27,French,,
98,bourdais,http://en.wikipedia.org/wiki/S%C3%A9bastien_Bourdais,Sébastien,Bourdais,1979-02-28,French,,BOU
99,boutsen,http://en.wikipedia.org/wiki/Thierry_Boutsen,Thierry,Boutsen,1957-07-13,Belgian,,
100,boyd,http://en.wikipedia.org/wiki/Johnny_Boyd,Johnny,Boyd,1926-08-19,American,,
101,brabham,http://en.wikipedia.org/wiki/David_Brabham,David,Brabham,1965-09-05,Australian,,
102,gary_brabham,http://en.wikipedia.org/wiki/Gary_Brabham,Gary,Brabham,1961-03-29,Australian,,
103,jack_brabham,http://en.wikipedia.org/wiki/Jack_Brabham,Jack,Brabham,1926-04-02,Australian,,
104,brack,http://en.wikipedia.org/wiki/Bill_Brack,Bill,Brack,1935-12-26,Canadian,,
105,brambilla,http://en.wikipedia.org/wiki/Vittorio_Brambilla,Vittorio,Brambilla,1937-11-11,Italian,,
106,ernesto_brambilla,http://en.wikipedia.org/wiki/Ernesto_Brambilla,Ernesto,Brambilla,1934-01-31,Italian,,
107,branca,http://en.wikipedia.org/wiki/Toni_Branca,Toni,Branca,1916-09-15,Swiss,,
108,brancatelli,http://en.wikipedia.org/wiki/Gianfranco_Brancatelli,Gianfranco,Brancatelli,1950-01-18,Italian,,
109,brandon,http://en.wikipedia.org/wiki/Eric_Brandon,Eric,Brandon,1920-07-18,British,,
110,branson,http://en.wikipedia.org/wiki/Don_Branson,Don,Branson,1920-06-02,American,,
111,bridger,http://en.wikipedia.org/wiki/Tom_Bridger,Tom,Bridger,1934-06-24,British,,
112,brise,http://en.wikipedia.org/wiki/Tony_Brise,Tony,Brise,1952-03-28,British,,
113,bristow,http://en.wikipedia.org/wiki/Chris_Bristow,Chris,Bristow,1937-12-02,British,,
114,broeker,http://en.wikipedia.org/wiki/Peter_Broeker,Peter,Broeker,1926-05-15,Canadian,,
115,brooks,http://en.wikipedia.org/wiki/Tony_Brooks,Tony,Brooks,1932-02-25,British,,
116,alan_brown,http://en.wikipedia.org/wiki/Alan_Brown_(racing_driver),Alan,Brown,1919-11-20,British,,
117,walt_brown,http://en.wikipedia.org/wiki/Walt_Brown_(auto_racer),Walt,Brown,1911-12-30,American,,
118,brown,http://en.wikipedia.org/wiki/Warwick_Brown,Warwick,Brown,1949-12-24,Australian,,
119,brudes,http://en.wikipedia.org/wiki/Adolf_Brudes,Adolf,Brudes,1899-10-15,German,,
120,brundle,http://en.wikipedia.org/wiki/Martin_Brundle,Martin,Brundle,1959-06-01,British,,
121,bruni,http://en.wikipedia.org/wiki/Gianmaria_Bruni,Gianmaria,Bruni,1981-05-30,Italian,,
122,bryan,http://en.wikipedia.org/wiki/Jimmy_Bryan,Jimmy,Bryan,1926-01-28,American,,
123,bucci,http://en.wikipedia.org/wiki/Clemar_Bucci,Clemar,Bucci,1920-09-04,Argentine,,
124,bucknum,http://en.wikipedia.org/wiki/Ronnie_Bucknum,Ronnie,Bucknum,1936-04-05,American,,
125,bueb,http://en.wikipedia.org/wiki/Ivor_Bueb,Ivor,Bueb,1923-06-06,British,,
126,buemi,http://en.wikipedia.org/wiki/S%C3%A9bastien_Buemi,Sébastien,Buemi,1988-10-31,Swiss,,BUE
127,bueno,http://en.wikipedia.org/wiki/Luiz_Bueno,Luiz,Bueno,1937-01-16,Brazilian,,
128,burgess,http://en.wikipedia.org/wiki/Ian_Burgess,Ian,Burgess,1930-07-06,British,,
129,burti,http://en.wikipedia.org/wiki/Luciano_Burti,Luciano,Burti,1975-03-05,Brazilian,,
130,bussinello,http://en.wikipedia.org/wiki/Roberto_Bussinello,Roberto,Bussinello,1927-10-04,Italian,,
131,button,http://en.wikipedia.org/wiki/Jenson_Button,Jenson,Button,1980-01-19,British,22,BUT
132,byrne,http://en.wikipedia.org/wiki/Tommy_Byrne_%28racing_driver%29,Tommy,Byrne,1958-05-06,Irish,,
133,cabantous,http://en.wikipedia.org/wiki/Yves_Giraud_Cabantous,Yves,Cabantous,1904-10-08,French,,
134,cabianca,http://en.wikipedia.org/wiki/Giulio_Cabianca,Giulio,Cabianca,1923-02-19,Italian,,
135,cabral,http://en.wikipedia.org/wiki/Mario_de_Araujo_Cabral,Mário de Araújo,Cabral,1934-01-15,Portuguese,,
136,cade,http://en.wikipedia.org/wiki/Phil_Cade,Phil,Cade,1916-06-12,American,,
137,caffi,http://en.wikipedia.org/wiki/Alex_Caffi,Alex,Caffi,1964-03-18,Italian,,
138,campbell-jones,http://en.wikipedia.org/wiki/John_Campbell-Jones,John,Campbell-Jones,1930-01-21,British,,
139,campos,http://en.wikipedia.org/wiki/Adri%C3%A1n_Campos,Adrián,Campos,1960-06-17,Spanish,,
140,Cannoc,http://en.wikipedia.org/wiki/John_Cannon_(auto_racer),John,Cannon,1933-06-21,Canadian,,
141,cantoni,http://en.wikipedia.org/wiki/Eitel_Cantoni,Eitel,Cantoni,1906-10-04,Uruguayan,,
142,cantrell,http://en.wikipedia.org/wiki/William_Cantrell,Bill,Cantrell,1908-01-31,American,,
143,capelli,http://en.wikipedia.org/wiki/Ivan_Capelli,Ivan,Capelli,1963-05-24,Italian,,
144,carini,http://en.wikipedia.org/wiki/Piero_Carini,Piero,Carini,1921-03-06,Italian,,
145,darter,http://en.wikipedia.org/wiki/Duane_Carter,Duane,Carter,1913-05-05,American,,
146,castellotti,http://en.wikipedia.org/wiki/Eugenio_Castellotti,Eugenio,Castellotti,1930-10-10,Italian,,
147,cecotto,http://en.wikipedia.org/wiki/Johnny_Cecotto,Johnny,Cecotto,1956-01-25,Venezuelan,,
148,cevert,http://en.wikipedia.org/wiki/Fran%C3%A7ois_Cevert,François,Cevert,1944-02-25,French,,
149,chaboud,http://en.wikipedia.org/wiki/Eug%C3%A8ne_Chaboud,Eugène,Chaboud,1907-04-12,French,,
150,chamberlain,http://en.wikipedia.org/wiki/Jay_Chamberlain,Jay,Chamberlain,1925-12-29,American,,
151,chandhok,http://en.wikipedia.org/wiki/Karun_Chandhok,Karun,Chandhok,1984-01-19,Indian,,CHA
152,chapman,http://en.wikipedia.org/wiki/Colin_Chapman,Colin,Chapman,1928-05-19,British,,
153,charlton,http://en.wikipedia.org/wiki/Dave_Charlton,Dave,Charlton,1936-10-27,South African,,
154,chaves,http://en.wikipedia.org/wiki/Pedro_Chaves,Pedro,Chaves,1965-02-27,Portuguese,,
155,cheesbourg,http://en.wikipedia.org/wiki/Bill_Cheesbourg,Bill,Cheesbourg,1927-06-12,American,,
156,cheever,http://en.wikipedia.org/wiki/Eddie_Cheever,Eddie,Cheever,1958-01-10,American,,
157,chiesa,http://en.wikipedia.org/wiki/Andrea_Chiesa,Andrea,Chiesa,1964-05-06,Swiss,,
158,chilton,http://en.wikipedia.org/wiki/Max_Chilton,Max,Chilton,1991-04-21,British,4,CHI
159,chimeri,http://en.wikipedia.org/wiki/Ettore_Chimeri,Ettore,Chimeri,1921-06-04,Venezuelan,,
160,chiron,http://en.wikipedia.org/wiki/Louis_Chiron,Louis,Chiron,1899-08-03,Monegasque,,
161,chitwood,http://en.wikipedia.org/wiki/Joie_Chitwood,Joie,Chitwood,1912-04-14,American,,
162,christie,http://en.wikipedia.org/wiki/Bob_Christie_(racing_driver),Bob,Christie,1924-04-04,American,,
163,claes,http://en.wikipedia.org/wiki/Johnny_Claes,Johnny,Claes,1916-08-11,Belgian,,
164,clapham,http://en.wikipedia.org/wiki/David_Clapham,David,Clapham,1931-05-18,South African,,
165,clark,http://en.wikipedia.org/wiki/Jim_Clark,Jim,Clark,1936-03-04,British,,
166,cogan,http://en.wikipedia.org/wiki/Kevin_Cogan,Kevin,Cogan,1956-03-31,American,,
167,collins,http://en.wikipedia.org/wiki/Peter_Collins_(racing_driver),Peter,Collins,1931-11-06,British,,
168,collomb,http://en.wikipedia.org/wiki/Bernard_Collomb,Bernard,Collomb,1930-10-07,French,,
169,colombo,http://en.wikipedia.org/wiki/Alberto_Colombo,Alberto,Colombo,1946-02-23,Italian,,
170,comas,http://en.wikipedia.org/wiki/%C3%89rik_Comas,Érik,Comas,1963-09-28,French,,
171,comotti,http://en.wikipedia.org/wiki/Franco_Comotti,Franco,Comotti,1906-07-24,Italian,,
172,george_connor,http://en.wikipedia.org/wiki/George_Connor_(driver),George,Connor,1906-08-16,American,,
173,constantine,http://en.wikipedia.org/wiki/George_Constantine,George,Constantine,1918-02-22,American,,
174,cordts,http://en.wikipedia.org/wiki/John_Cordts,John,Cordts,1935-07-23,Canadian,,
175,coulthard,http://en.wikipedia.org/wiki/David_Coulthard,David,Coulthard,1971-03-27,British,,COU
176,courage,http://en.wikipedia.org/wiki/Piers_Courage,Piers,Courage,1942-05-27,British,,
177,craft,http://en.wikipedia.org/wiki/Chris_Craft_(racing_driver),Chris,Craft,1939-11-17,British,,
178,crawford,http://en.wikipedia.org/wiki/Jim_Crawford_(driver),Jim,Crawford,1948-02-13,British,,
179,ray_crawford,http://en.wikipedia.org/wiki/Ray_Crawford,Ray,Crawford,1915-10-26,American,,
180,crespo,http://en.wikipedia.org/wiki/Alberto_Crespo,Alberto,Crespo,1920-01-16,Argentine,,
181,creus,http://en.wikipedia.org/wiki/Antonio_Creus,Antonio,Creus,1924-10-28,Spanish,,
182,crockett,http://en.wikipedia.org/wiki/Larry_Crockett,Larry,Crockett,1926-10-23,American,,
183,crook,http://en.wikipedia.org/wiki/Tony_Crook,Tony,Crook,1920-02-16,British,,
184,cross,http://en.wikipedia.org/wiki/Art_Cross,Art,Cross,1918-01-24,American,,
185,crossley,http://en.wikipedia.org/wiki/Geoff_Crossley,Geoff,Crossley,1921-05-11,British,,
186,cruz,http://en.wikipedia.org/wiki/Adolfo_Schewelm_Cruz,Adolfo,Cruz,1923-06-28,Argentine,,
187,ambrosio,http://en.wikipedia.org/wiki/J%C3%A9r%C3%B4me_d%27Ambrosio,Jérôme,d'Ambrosio,1985-12-27,Belgian,,DAM
188,orey,http://en.wikipedia.org/wiki/Fritz_d%27Orey,Fritz,d'Orey,1938-03-25,Brazilian,,
189,matta,http://en.wikipedia.org/wiki/Cristiano_da_Matta,Cristiano,da Matta,1973-09-19,Brazilian,,
190,ramos,http://en.wikipedia.org/wiki/Hernando_da_Silva_Ramos,Hernando,da Silva Ramos,1925-12-07,Brazilian,,
191,daigh,http://en.wikipedia.org/wiki/Chuck_Daigh,Chuck,Daigh,1923-11-29,American,,
192,dalmas,http://en.wikipedia.org/wiki/Yannick_Dalmas,Yannick,Dalmas,1961-07-28,French,,
193,daly,http://en.wikipedia.org/wiki/Derek_Daly,Derek,Daly,1953-03-11,Irish,,
194,danner,http://en.wikipedia.org/wiki/Christian_Danner,Christian,Danner,1958-04-04,German,,
195,daponte,http://en.wikipedia.org/wiki/Jorge_Daponte,Jorge,Daponte,1923-06-05,Argentine,,
196,davidson,http://en.wikipedia.org/wiki/Anthony_Davidson,Anthony,Davidson,1979-04-18,British,,DAV
197,davies,http://en.wikipedia.org/wiki/Jimmy_Davies,Jimmy,Davies,1929-08-08,American,,
198,davis,http://en.wikipedia.org/wiki/Colin_Davis_(driver),Colin,Davis,1933-07-29,British,,
199,daywalt,http://en.wikipedia.org/wiki/Jimmy_Daywalt,Jimmy,Daywalt,1924-08-28,American,,
200,adamich,http://en.wikipedia.org/wiki/Andrea_de_Adamich,Andrea,de Adamich,1941-10-03,Italian,,
201,angelis,http://en.wikipedia.org/wiki/Elio_de_Angelis,Elio,de Angelis,1958-03-26,Italian,,
202,beaufort,http://en.wikipedia.org/wiki/Carel_Godin_de_Beaufort,Carel Godin,de Beaufort,1934-04-10,Dutch,,
203,cesaris,http://en.wikipedia.org/wiki/Andrea_de_Cesaris,Andrea,de Cesaris,1959-05-31,Italian,,
204,Changy,http://en.wikipedia.org/wiki/Alain_de_Changy,Alain,de Changy,1922-02-05,Belgian,,
205,dryver,http://en.wikipedia.org/wiki/Bernard_de_Dryver,Bernard,de Dryver,1952-09-19,Belgian,,
206,filippis,http://en.wikipedia.org/wiki/Maria_Teresa_de_Filippis,Maria,de Filippis,1926-11-11,Italian,,
207,graffenried,http://en.wikipedia.org/wiki/Toulo_de_Graffenried,Toulo,de Graffenried,1914-05-18,Swiss,,
208,klerk,http://en.wikipedia.org/wiki/Peter_de_Klerk,Peter,de Klerk,1935-03-16,South African,,
209,rosa,http://en.wikipedia.org/wiki/Pedro_de_la_Rosa,Pedro,de la Rosa,1971-02-24,Spanish,,DLR
210,portago,http://en.wikipedia.org/wiki/Alfonso_de_Portago,Alfonso,de Portago,1928-10-11,Spanish,,
211,riu,http://en.wikipedia.org/wiki/Giovanni_de_Riu,Giovanni,de Riu,1925-03-10,Italian,,
212,terra,http://en.wikipedia.org/wiki/Max_de_Terra,Max,de Terra,1918-10-06,Swiss,,
213,tomaso,http://en.wikipedia.org/wiki/Alessandro_de_Tomaso,Alessandro,de Tomaso,1928-07-10,Argentine-Italian,,
214,tornaco,http://en.wikipedia.org/wiki/Charles_de_Tornaco,Charles,de Tornaco,1927-06-07,Belgian,,
215,villota,http://en.wikipedia.org/wiki/Emilio_de_Villota,Emilio,de Villota,1946-07-26,Spanish,,
216,vos,http://en.wikipedia.org/wiki/Ernie_de_Vos,Ernie,de Vos,1941-07-01,Dutch,,
217,de_vries,http://en.wikipedia.org/wiki/Nyck_de_Vries,Nyck,de Vries,1995-02-06,Dutch,21,DEV
218,deletraz,http://en.wikipedia.org/wiki/Jean-Denis_Deletraz,Jean-Denis,Délétraz,1963-10-01,Swiss,,
219,depailler,http://en.wikipedia.org/wiki/Patrick_Depailler,Patrick,Depailler,1944-08-09,French,,
220,grassi,http://en.wikipedia.org/wiki/Lucas_di_Grassi,Lucas,di Grassi,1984-08-11,Brazilian,,DIG
221,resta,http://en.wikipedia.org/wiki/Paul_di_Resta,Paul,di Resta,1986-04-16,British,40,DIR
222,diniz,http://en.wikipedia.org/wiki/Pedro_Diniz,Pedro,Diniz,1970-05-22,Brazilian,,
223,dinsmore,http://en.wikipedia.org/wiki/Duke_Dinsmore,Duke,Dinsmore,1913-04-10,American,,
224,dochnal,http://en.wikipedia.org/wiki/Frank_Dochnal,Frank,Dochnal,1920-10-08,American,,
225,dolhem,http://en.wikipedia.org/wiki/Jos%C3%A9_Dolhem,José,Dolhem,1944-04-26,French,,
226,donnelly,http://en.wikipedia.org/wiki/Martin_Donnelly_(racing_driver),Martin,Donnelly,1964-03-26,British,,
227,donohue,http://en.wikipedia.org/wiki/Mark_Donohue,Mark,Donohue,1937-03-18,American,,
228,doornbos,http://en.wikipedia.org/wiki/Robert_Doornbos,Robert,Doornbos,1981-09-23,Dutch,,DOO
229,downing,http://en.wikipedia.org/wiki/Ken_Downing,Ken,Downing,1917-12-05,British,,
230,drake,http://en.wikipedia.org/wiki/Bob_Drake_(Formula_One),Bob,Drake,1919-12-14,American,,
231,driver,http://en.wikipedia.org/wiki/Paddy_Driver,Paddy,Driver,1934-05-13,South African,,
232,drogo,http://en.wikipedia.org/wiki/Piero_Drogo,Piero,Drogo,1926-08-08,Italian,,
233,duke,http://en.wikipedia.org/wiki/Geoff_Duke,Geoff,Duke,1923-03-29,British,,
234,dumfries,http://en.wikipedia.org/wiki/Johnny_Dumfries,Johnny,Dumfries,1958-04-26,British,,
235,duncan,http://en.wikipedia.org/wiki/Len_Duncan,Len,Duncan,1911-07-25,American,,
236,dusio,http://en.wikipedia.org/wiki/Piero_Dusio,Piero,Dusio,1899-10-13,Italian,,
237,eaton,http://en.wikipedia.org/wiki/George_Eaton,George,Eaton,1945-11-12,Canadian,,
238,ecclestone,http://en.wikipedia.org/wiki/Bernie_Ecclestone,Bernie,Ecclestone,1930-10-28,British,,
239,edmunds,http://en.wikipedia.org/wiki/Don_Edmunds,Don,Edmunds,1930-09-23,American,,
240,edwards,http://en.wikipedia.org/wiki/Guy_Edwards,Guy,Edwards,1942-12-30,British,,
241,elford,http://en.wikipedia.org/wiki/Vic_Elford,Vic,Elford,1935-06-10,British,,
242,elisian,http://en.wikipedia.org/wiki/Ed_Elisian,Ed,Elisian,1926-12-09,American,,
243,emery,http://en.wikipedia.org/wiki/Paul_Emery,Paul,Emery,1916-11-12,British,,
244,enge,http://en.wikipedia.org/wiki/Tom%C3%A1%C5%A1_Enge,Tomáš,Enge,1976-09-11,Czech,,
245,england,http://en.wikipedia.org/wiki/Paul_England,Paul,England,1929-03-28,Australian,,
246,ericsson,http://en.wikipedia.org/wiki/Marcus_Ericsson,Marcus,Ericsson,1990-09-02,Swedish,9,ERI
247,ertl,http://en.wikipedia.org/wiki/Harald_Ertl,Harald,Ertl,1948-08-31,Austrian,,
248,estefano,http://en.wikipedia.org/wiki/Nasif_Est%C3%A9fano,Nasif,Estéfano,1932-11-18,Argentine,,
249,etancelin,http://en.wikipedia.org/wiki/Philippe_%C3%89tancelin,Philippe,Étancelin,1896-12-28,French,,
250,evans,http://en.wikipedia.org/wiki/Bob_Evans_(race_driver),Bob,Evans,1947-06-11,British,,
251,fabi,http://en.wikipedia.org/wiki/Teo_Fabi,Teo,Fabi,1955-03-09,Italian,,
252,corrado_fabi,http://en.wikipedia.org/wiki/Corrado_Fabi,Corrado,Fabi,1961-04-12,Italian,,
253,fabre,http://en.wikipedia.org/wiki/Pascal_Fabre,Pascal,Fabre,1960-01-09,French,,
254,facetti,http://en.wikipedia.org/wiki/Carlo_Facetti,Carlo,Facetti,1935-06-26,Italian,,
255,fagioli,http://en.wikipedia.org/wiki/Luigi_Fagioli,Luigi,Fagioli,1898-06-09,Italian,,
256,fairman,http://en.wikipedia.org/wiki/Jack_Fairman,Jack,Fairman,1913-03-15,British,,
257,fangio,http://en.wikipedia.org/wiki/Juan_Manuel_Fangio,Juan,Fangio,1911-06-24,Argentine,,
258,farina,http://en.wikipedia.org/wiki/Nino_Farina,Nino,Farina,1906-10-30,Italian,,
259,faulkner,http://en.wikipedia.org/wiki/Walt_Faulkner,Walt,Faulkner,1920-02-16,American,,
260,firman,http://en.wikipedia.org/wiki/Ralph_Firman,Ralph,Firman,1975-05-20,Irish,,
261,fischer,http://en.wikipedia.org/wiki/Rudi_Fischer,Rudi,Fischer,1912-04-19,Swiss,,
262,fisher,http://en.wikipedia.org/wiki/Mike_Fisher_(driver),Mike,Fisher,1943-03-13,American,,
263,fisichella,http://en.wikipedia.org/wiki/Giancarlo_Fisichella,Giancarlo,Fisichella,1973-01-14,Italian,,FIS
264,fitch,http://en.wikipedia.org/wiki/John_Fitch_(driver),John,Fitch,1917-08-04,American,,
265,pietro_fittipaldi,http://en.wikipedia.org/wiki/Pietro_Fittipaldi,Pietro,Fittipaldi,1996-06-25,Brazilian,51,FIT
266,fittipaldi,http://en.wikipedia.org/wiki/Christian_Fittipaldi,Christian,Fittipaldi,1971-01-18,Brazilian,,
267,emerson_fittipaldi,http://en.wikipedia.org/wiki/Emerson_Fittipaldi,Emerson,Fittipaldi,1946-12-12,Brazilian,,
268,wilson_fittipaldi,http://en.wikipedia.org/wiki/Wilson_Fittipaldi,Wilson,Fittipaldi,1943-12-25,Brazilian,,
269,fitzau,http://en.wikipedia.org/wiki/Theo_Fitzau,Theo,Fitzau,1923-02-10,East German,,
270,flaherty,http://en.wikipedia.org/wiki/Pat_Flaherty_(racing_driver),Pat,Flaherty,1926-01-06,American,,
271,flinterman,http://en.wikipedia.org/wiki/Jan_Flinterman,Jan,Flinterman,1919-10-02,Dutch,,
272,flockhart,http://en.wikipedia.org/wiki/Ron_Flockhart_(auto_racing),Ron,Flockhart,1923-06-16,British,,
273,fohr,http://en.wikipedia.org/wiki/Myron_Fohr,Myron,Fohr,1912-06-17,American,,
274,foitek,http://en.wikipedia.org/wiki/Gregor_Foitek,Gregor,Foitek,1965-03-27,Swiss,,
275,follmer,http://en.wikipedia.org/wiki/George_Follmer,George,Follmer,1934-01-27,American,,
276,fonder,http://en.wikipedia.org/wiki/George_Fonder,George,Fonder,1917-06-22,American,,
277,fontana,http://en.wikipedia.org/wiki/Norberto_Fontana,Norberto,Fontana,1975-01-20,Argentine,,
278,fontes,http://en.wikipedia.org/wiki/Azdrubal_Fontes,Azdrubal,Fontes,1922-12-26,Uruguayan,,
279,forberg,http://en.wikipedia.org/wiki/Carl_Forberg,Carl,Forberg,1911-03-04,American,,
280,force,http://en.wikipedia.org/wiki/Gene_Force,Gene,Force,1916-06-15,American,,
281,forini,http://en.wikipedia.org/wiki/Franco_Forini,Franco,Forini,1958-09-22,Swiss,,
282,parker,http://en.wikipedia.org/wiki/Philip_Fotheringham-Parker,Philip,Fotheringham-Parker,1907-09-22,British,,
283,foyt,http://en.wikipedia.org/wiki/A.J._Foyt,Anthony,Foyt,1935-01-16,American,,
284,gimax,http://en.wikipedia.org/wiki/Gimax,Carlo,Franchi,1938-01-01,Italian,,
285,francia,http://en.wikipedia.org/wiki/Giorgio_Francia,Giorgio,Francia,1947-11-08,Italian,,
286,freeland,http://en.wikipedia.org/wiki/Don_Freeland,Don,Freeland,1925-03-25,American,,
287,frentzen,http://en.wikipedia.org/wiki/Heinz-Harald_Frentzen,Heinz-Harald,Frentzen,1967-05-18,German,,
288,frere,http://en.wikipedia.org/wiki/Paul_Fr%C3%A8re,Paul,Frère,1917-01-30,Belgian,,
289,friesacher,http://en.wikipedia.org/wiki/Patrick_Friesacher,Patrick,Friesacher,1980-09-26,Austrian,,FRI
290,fry,http://en.wikipedia.org/wiki/Joe_Fry,Joe,Fry,1915-10-26,British,,
291,fushida,http://en.wikipedia.org/wiki/Hiroshi_Fushida,Hiroshi,Fushida,1946-03-10,Japanese,,
292,gabbiani,http://en.wikipedia.org/wiki/Beppe_Gabbiani,Beppe,Gabbiani,1957-01-02,Italian,,
293,gachot,http://en.wikipedia.org/wiki/Bertrand_Gachot,Bertrand,Gachot,1962-12-23,Belgian,,
294,gaillard,http://en.wikipedia.org/wiki/Patrick_Gaillard,Patrick,Gaillard,1952-02-12,French,,
295,galica,http://en.wikipedia.org/wiki/Divina_Galica,Divina,Galica,1944-08-13,British,,
296,galli,http://en.wikipedia.org/wiki/Nanni_Galli,Nanni,Galli,1940-10-02,Italian,,
297,galvez,http://en.wikipedia.org/wiki/%C3%93scar_Alfredo_G%C3%A1lvez,Oscar,Gálvez,1913-08-17,Argentine,,
298,gamble,http://en.wikipedia.org/wiki/Fred_Gamble_(racing_driver),Fred,Gamble,1932-03-17,American,,
299,ganley,http://en.wikipedia.org/wiki/Howden_Ganley,Howden,Ganley,1941-12-24,New Zealander,,
300,gardner,http://en.wikipedia.org/wiki/Frank_Gardner_(driver),Frank,Gardner,1930-10-01,Australian,,
301,garrett,http://en.wikipedia.org/wiki/Billy_Garrett,Billy,Garrett,1933-04-24,American,,
302,gartner,http://en.wikipedia.org/wiki/Jo_Gartner,Jo,Gartner,1954-01-24,Austrian,,
303,gasly,http://en.wikipedia.org/wiki/Pierre_Gasly,Pierre,Gasly,1996-02-07,French,10,GAS
304,gaze,http://en.wikipedia.org/wiki/Tony_Gaze,Tony,Gaze,1920-02-03,Australian,,
305,gendebien,http://en.wikipedia.org/wiki/Olivier_Gendebien,Olivier,Gendebien,1924-01-12,Belgian,,
306,gene,http://en.wikipedia.org/wiki/Marc_Gen%C3%A9,Marc,Gené,1974-03-29,Spanish,,
307,george,http://en.wikipedia.org/wiki/Elmer_George,Elmer,George,1928-07-15,American,,
308,gerard,http://en.wikipedia.org/wiki/Bob_Gerard,Bob,Gerard,1914-01-19,British,,
309,gerini,http://en.wikipedia.org/wiki/Gerino_Gerini_(racing_driver),Gerino,Gerini,1928-08-10,Italian,,
310,gethin,http://en.wikipedia.org/wiki/Peter_Gethin,Peter,Gethin,1940-02-21,British,,
311,ghinzani,http://en.wikipedia.org/wiki/Piercarlo_Ghinzani,Piercarlo,Ghinzani,1952-01-16,Italian,,
312,giacomelli,http://en.wikipedia.org/wiki/Bruno_Giacomelli,Bruno,Giacomelli,1952-09-10,Italian,,
313,gibson,http://en.wikipedia.org/wiki/Dick_Gibson,Dick,Gibson,1918-04-16,British,,
314,ginther,http://en.wikipedia.org/wiki/Richie_Ginther,Richie,Ginther,1930-08-05,American,,
315,giovinazzi,http://en.wikipedia.org/wiki/Antonio_Giovinazzi,Antonio,Giovinazzi,1993-12-14,Italian,99,GIO
316,giunti,http://en.wikipedia.org/wiki/Ignazio_Giunti,Ignazio,Giunti,1941-08-30,Italian,,
317,glock,http://en.wikipedia.org/wiki/Timo_Glock,Timo,Glock,1982-03-18,German,,GLO
318,godia,http://en.wikipedia.org/wiki/Paco_Godia,Paco,Godia,1921-03-21,Spanish,,
319,goethals,http://en.wikipedia.org/wiki/Christian_Goethals,Christian,Goethals,1928-08-04,Belgian,,
320,goldsmith,http://en.wikipedia.org/wiki/Paul_Goldsmith,Paul,Goldsmith,1925-10-02,American,,
321,gonzalez,http://en.wikipedia.org/wiki/Jos%C3%A9_Froil%C3%A1n_Gonz%C3%A1lez,José Froilán,González,1922-10-05,Argentine,,
322,oscar_gonzalez,http://en.wikipedia.org/wiki/%C3%93scar_Gonz%C3%A1lez_(racing_driver),Óscar,González,1923-11-10,Uruguayan,,
323,gordini,http://en.wikipedia.org/wiki/Aldo_Gordini,Aldo,Gordini,1921-05-20,French,,
324,gould,http://en.wikipedia.org/wiki/Horace_Gould,Horace,Gould,1918-09-20,British,,
325,gounon,http://en.wikipedia.org/wiki/Jean-Marc_Gounon,Jean-Marc,Gounon,1963-01-01,French,,
326,green,http://en.wikipedia.org/wiki/Cecil_Green,Cecil,Green,1919-09-30,American,,
327,greene,http://en.wikipedia.org/wiki/Keith_Greene,Keith,Greene,1938-01-05,British,,
328,gregory,http://en.wikipedia.org/wiki/Masten_Gregory,Masten,Gregory,1932-02-29,American,,
329,griffith,http://en.wikipedia.org/wiki/Cliff_Griffith,Cliff,Griffith,1916-02-06,American,,
330,grignard,http://en.wikipedia.org/wiki/Georges_Grignard,Georges,Grignard,1905-07-25,French,,
331,grim,http://en.wikipedia.org/wiki/Bobby_Grim,Bobby,Grim,1924-09-04,American,,
332,grosjean,http://en.wikipedia.org/wiki/Romain_Grosjean,Romain,Grosjean,1986-04-17,French,8,GRO
333,grouillard,http://en.wikipedia.org/wiki/Olivier_Grouillard,Olivier,Grouillard,1958-09-02,French,,
334,gubby,http://en.wikipedia.org/wiki/Brian_Gubby,Brian,Gubby,1934-04-17,British,,
335,guelfi,http://en.wikipedia.org/wiki/Andr%C3%A9_Guelfi,André,Guelfi,1919-05-06,French,,
336,guerra,http://en.wikipedia.org/wiki/Miguel_Angel_Guerra,Miguel Ángel,Guerra,1953-08-31,Argentine,,
337,guerrero,http://en.wikipedia.org/wiki/Roberto_Guerrero,Roberto,Guerrero,1958-11-16,Colombian,,
338,gugelmin,http://en.wikipedia.org/wiki/Maur%C3%ADcio_Gugelmin,Maurício,Gugelmin,1963-04-20,Brazilian,,
339,gurney,http://en.wikipedia.org/wiki/Dan_Gurney,Dan,Gurney,1931-04-13,American,,
340,gutierrez,http://en.wikipedia.org/wiki/Esteban_Guti%C3%A9rrez,Esteban,Gutiérrez,1991-08-05,Mexican,21,GUT
341,hahne,http://en.wikipedia.org/wiki/Hubert_Hahne,Hubert,Hahne,1935-03-28,German,,
342,hailwood,http://en.wikipedia.org/wiki/Mike_Hailwood,Mike,Hailwood,1940-04-02,British,,
343,hakkinen,http://en.wikipedia.org/wiki/Mika_H%C3%A4kkinen,Mika,Häkkinen,1968-09-28,Finnish,,
344,halford,http://en.wikipedia.org/wiki/Bruce_Halford,Bruce,Halford,1931-05-18,British,,
345,hall,http://en.wikipedia.org/wiki/Jim_Hall_(race_car_driver),Jim,Hall,1935-07-23,American,,
346,duncan_hamilton,http://en.wikipedia.org/wiki/Duncan_Hamilton_(racing_driver),Duncan,Hamilton,1920-04-30,British,,
347,hamilton,http://en.wikipedia.org/wiki/Lewis_Hamilton,Lewis,Hamilton,1985-01-07,British,44,HAM
348,hampshire,http://en.wikipedia.org/wiki/David_Hampshire,David,Hampshire,1917-12-29,British,,
349,hanks,http://en.wikipedia.org/wiki/Sam_Hanks,Sam,Hanks,1914-07-13,American,,
350,hansgen,http://en.wikipedia.org/wiki/Walt_Hansgen,Walt,Hansgen,1919-10-28,American,,
351,harris,http://en.wikipedia.org/wiki/Mike_Harris_(race_car_driver),Mike,Harris,1939-05-25,South African,,
352,harrison,http://en.wikipedia.org/wiki/Cuth_Harrison,Cuth,Harrison,1906-07-06,British,,
353,hart,http://en.wikipedia.org/wiki/Brian_Hart,Brian,Hart,1936-09-07,British,,
354,hartley,http://en.wikipedia.org/wiki/Gene_Hartley,Gene,Hartley,1926-01-28,American,,
355,brendon_hartley,http://en.wikipedia.org/wiki/Brendon_Hartley,Brendon,Hartley,1989-11-10,New Zealander,28,HAR
356,haryanto,http://en.wikipedia.org/wiki/Rio_Haryanto,Rio,Haryanto,1993-01-22,Indonesian,88,HAR
357,hasemi,http://en.wikipedia.org/wiki/Masahiro_Hasemi,Masahiro,Hasemi,1945-11-13,Japanese,,
358,hattori,http://en.wikipedia.org/wiki/Naoki_Hattori,Naoki,Hattori,1966-06-13,Japanese,,
359,hawkins,http://en.wikipedia.org/wiki/Paul_Hawkins_(racing_driver),Paul,Hawkins,1937-10-12,Australian,,
360,hawthorn,http://en.wikipedia.org/wiki/Mike_Hawthorn,Mike,Hawthorn,1929-04-10,British,,
361,heeks,http://en.wikipedia.org/wiki/Willi_Heeks,Willi,Heeks,1922-02-13,German,,
362,heidfeld,http://en.wikipedia.org/wiki/Nick_Heidfeld,Nick,Heidfeld,1977-05-10,German,,HEI
363,helfrich,http://en.wikipedia.org/wiki/Theo_Helfrich,Theo,Helfrich,1913-05-13,German,,
364,hellings,http://en.wikipedia.org/wiki/Mack_Hellings,Mack,Hellings,1915-09-14,American,,
365,henton,http://en.wikipedia.org/wiki/Brian_Henton,Brian,Henton,1946-09-19,British,,
366,herbert,http://en.wikipedia.org/wiki/Johnny_Herbert,Johnny,Herbert,1964-06-25,British,,
367,herman,http://en.wikipedia.org/wiki/Al_Herman,Al,Herman,1927-03-15,American,,
368,herrmann,http://en.wikipedia.org/wiki/Hans_Herrmann,Hans,Herrmann,1928-02-23,German,,
369,hesnault,http://en.wikipedia.org/wiki/Fran%C3%A7ois_Hesnault,François,Hesnault,1956-12-30,French,,
370,heyer,http://en.wikipedia.org/wiki/Hans_Heyer,Hans,Heyer,1943-03-16,German,,
371,damon_hill,http://en.wikipedia.org/wiki/Damon_Hill,Damon,Hill,1960-09-17,British,,
372,hill,http://en.wikipedia.org/wiki/Graham_Hill,Graham,Hill,1929-02-15,British,,
373,phil_hill,http://en.wikipedia.org/wiki/Phil_Hill,Phil,Hill,1927-04-20,American,,
374,hirt,http://en.wikipedia.org/wiki/Peter_Hirt,Peter,Hirt,1910-03-30,Swiss,,
375,hobbs,http://en.wikipedia.org/wiki/David_Hobbs_(racing_driver),David,Hobbs,1939-06-09,British,,
376,hocking,http://en.wikipedia.org/wiki/Gary_Hocking,Gary,Hocking,1937-09-30,Rhodesian,,
377,hoffmann,http://en.wikipedia.org/wiki/Ingo_Hoffmann,Ingo,Hoffmann,1953-02-28,Brazilian,,
378,holland,http://en.wikipedia.org/wiki/Bill_Holland,Bill,Holland,1907-12-18,American,,
379,holmes,http://en.wikipedia.org/wiki/Jackie_Holmes,Jackie,Holmes,1920-09-04,American,,
380,homeier,http://en.wikipedia.org/wiki/Bill_Homeier,Bill,Homeier,1918-08-31,American,,
381,hoshino,http://en.wikipedia.org/wiki/Kazuyoshi_Hoshino,Kazuyoshi,Hoshino,1947-07-01,Japanese,,
382,hoyt,http://en.wikipedia.org/wiki/Jerry_Hoyt,Jerry,Hoyt,1929-01-29,American,,
383,hulkenberg,http://en.wikipedia.org/wiki/Nico_H%C3%BClkenberg,Nico,Hülkenberg,1987-08-19,German,27,HUL
384,hulme,http://en.wikipedia.org/wiki/Denny_Hulme,Denny,Hulme,1936-06-18,New Zealander,,
385,hunt,http://en.wikipedia.org/wiki/James_Hunt,James,Hunt,1947-08-29,British,,
386,hurtubise,http://en.wikipedia.org/wiki/Jim_Hurtubise,Jim,Hurtubise,1932-12-05,American,,
387,hutchison,http://en.wikipedia.org/wiki/Gus_Hutchison,Gus,Hutchison,1937-04-26,American,,
388,ickx,http://en.wikipedia.org/wiki/Jacky_Ickx,Jacky,Ickx,1945-01-01,Belgian,,
389,ide,http://en.wikipedia.org/wiki/Yuji_Ide,Yuji,Ide,1975-01-21,Japanese,,IDE
390,iglesias,http://en.wikipedia.org/wiki/Jes%C3%BAs_Iglesias,Jesús,Iglesias,1922-02-22,Argentine,,
391,inoue,http://en.wikipedia.org/wiki/Taki_Inoue,Taki,Inoue,1963-09-05,Japanese,,
392,ireland,http://en.wikipedia.org/wiki/Innes_Ireland,Innes,Ireland,1930-06-12,British,,
393,irvine,http://en.wikipedia.org/wiki/Eddie_Irvine,Eddie,Irvine,1965-11-10,British,,
394,irwin,http://en.wikipedia.org/wiki/Chris_Irwin,Chris,Irwin,1942-06-27,British,,
395,jabouille,http://en.wikipedia.org/wiki/Jean-Pierre_Jabouille,Jean-Pierre,Jabouille,1942-10-01,French,,
396,jackson,http://en.wikipedia.org/wiki/Jimmy_Jackson_(driver),Jimmy,Jackson,1910-07-25,American,,
397,james,http://en.wikipedia.org/wiki/Joe_James_(racing_driver),Joe,James,1925-05-23,American,,
398,john_james,http://en.wikipedia.org/wiki/John_James_(auto_racer),John,James,1914-05-10,British,,
399,jarier,http://en.wikipedia.org/wiki/Jean-Pierre_Jarier,Jean-Pierre,Jarier,1946-07-10,French,,
400,lehto,http://en.wikipedia.org/wiki/Jyrki_J%C3%A4rvilehto,Jyrki,Järvilehto,1966-01-31,Finnish,,
401,jean,http://en.wikipedia.org/wiki/Max_Jean,Max,Jean,1943-07-27,French,,
402,johansson,http://en.wikipedia.org/wiki/Stefan_Johansson,Stefan,Johansson,1956-09-08,Swedish,,
403,johnson,http://en.wikipedia.org/wiki/Eddie_Johnson_(auto_racer),Eddie,Johnson,1919-02-10,American,,
404,leslie_johnson,http://en.wikipedia.org/wiki/Leslie_Johnson_(racing_driver),Leslie,Johnson,1912-03-22,British,,
405,johnstone,http://en.wikipedia.org/wiki/Bruce_Johnstone_(racing_driver),Bruce,Johnstone,1937-01-30,South African,,
406,jones,http://en.wikipedia.org/wiki/Alan_Jones_(Formula_1),Alan,Jones,1946-11-02,Australian,,
407,tom_jones,http://en.wikipedia.org/wiki/Tom_Jones_(auto_racer),Tom,Jones,1943-04-26,American,,
408,jover,http://en.wikipedia.org/wiki/Juan_Jover,Juan,Jover,1903-11-23,Spanish,,
409,karch,http://en.wikipedia.org/wiki/Oswald_Karch,Oswald,Karch,1917-03-06,German,,
410,karthikeyan,http://en.wikipedia.org/wiki/Narain_Karthikeyan,Narain,Karthikeyan,1977-01-14,Indian,,KAR
411,katayama,http://en.wikipedia.org/wiki/Ukyo_Katayama,Ukyo,Katayama,1963-05-29,Japanese,,
412,kavanagh,http://en.wikipedia.org/wiki/Ken_Kavanagh,Ken,Kavanagh,1923-12-12,Australian,,
413,keegan,http://en.wikipedia.org/wiki/Rupert_Keegan,Rupert,Keegan,1955-02-26,British,,
414,keizan,http://en.wikipedia.org/wiki/Eddie_Keizan,Eddie,Keizan,1944-09-12,South African,,
415,keller,http://en.wikipedia.org/wiki/Al_Keller,Al,Keller,1920-04-11,American,,
416,kelly,http://en.wikipedia.org/wiki/Joe_Kelly_(Formula_One),Joe,Kelly,1913-03-13,Irish,,
417,kennedy,http://en.wikipedia.org/wiki/David_Kennedy_(racing_driver),Dave,Kennedy,1953-01-15,Irish,,
418,kessel,http://en.wikipedia.org/wiki/Loris_Kessel,Loris,Kessel,1950-04-01,Swiss,,
419,kessler,http://en.wikipedia.org/wiki/Bruce_Kessler,Bruce,Kessler,1936-03-23,American,,
420,kiesa,http://en.wikipedia.org/wiki/Nicolas_Kiesa,Nicolas,Kiesa,1978-03-03,Danish,,
421,kinnunen,http://en.wikipedia.org/wiki/Leo_Kinnunen,Leo,Kinnunen,1943-08-05,Finnish,,
422,kladis,http://en.wikipedia.org/wiki/Danny_Kladis,Danny,Kladis,1917-02-10,American,,
423,klenk,http://en.wikipedia.org/wiki/Hans_Klenk,Hans,Klenk,1919-10-28,German,,
424,klien,http://en.wikipedia.org/wiki/Christian_Klien,Christian,Klien,1983-02-07,Austrian,,KLI
425,kling,http://en.wikipedia.org/wiki/Karl_Kling,Karl,Kling,1910-09-16,German,,
426,klodwig,http://en.wikipedia.org/wiki/Ernst_Klodwig,Ernst,Klodwig,1903-05-23,East German,,
427,kobayashi,http://en.wikipedia.org/wiki/Kamui_Kobayashi,Kamui,Kobayashi,1986-09-13,Japanese,10,KOB
428,koinigg,http://en.wikipedia.org/wiki/Helmuth_Koinigg,Helmuth,Koinigg,1948-11-03,Austrian,,
429,kovalainen,http://en.wikipedia.org/wiki/Heikki_Kovalainen,Heikki,Kovalainen,1981-10-19,Finnish,,KOV
430,kozarowitzky,http://en.wikipedia.org/wiki/Mikko_Kozarowitzky,Mikko,Kozarowitzky,1948-05-17,Finnish,,
431,krause,http://en.wikipedia.org/wiki/Rudolf_Krause,Rudolf,Krause,1907-03-30,East German,,
432,kubica,http://en.wikipedia.org/wiki/Robert_Kubica,Robert,Kubica,1984-12-07,Polish,88,KUB
433,kuhnke,http://en.wikipedia.org/wiki/Kurt_Kuhnke,Kurt,Kuhnke,1910-04-30,German,,
434,kvyat,http://en.wikipedia.org/wiki/Daniil_Kvyat,Daniil,Kvyat,1994-04-26,Russian,26,KVY
435,la_caze,http://en.wikipedia.org/wiki/Robert_La_Caze,Robert,La Caze,1917-02-26,French,,
436,laffite,http://en.wikipedia.org/wiki/Jacques_Laffite,Jacques,Laffite,1943-11-21,French,,
437,lagorce,http://en.wikipedia.org/wiki/Franck_Lagorce,Franck,Lagorce,1968-09-01,French,,
438,lammers,http://en.wikipedia.org/wiki/Jan_Lammers,Jan,Lammers,1956-06-02,Dutch,,
439,lamy,http://en.wikipedia.org/wiki/Pedro_Lamy,Pedro,Lamy,1972-03-20,Portuguese,,
440,landi,http://en.wikipedia.org/wiki/Chico_Landi,Chico,Landi,1907-07-14,Brazilian,,
441,lang,http://en.wikipedia.org/wiki/Hermann_Lang,Hermann,Lang,1909-04-06,German,,
442,langes,http://en.wikipedia.org/wiki/Claudio_Langes,Claudio,Langes,1960-07-20,Italian,,
443,larini,http://en.wikipedia.org/wiki/Nicola_Larini,Nicola,Larini,1964-03-19,Italian,,
444,larrauri,http://en.wikipedia.org/wiki/Oscar_Larrauri,Oscar,Larrauri,1954-08-19,Argentine,,
445,larreta,http://en.wikipedia.org/wiki/Alberto_Rodriguez_Larreta,Alberto Rodriguez,Larreta,1934-01-14,Argentine,,
446,larrousse,http://en.wikipedia.org/wiki/G%C3%A9rard_Larrousse,Gérard,Larrousse,1940-05-23,French,,
447,larson,http://en.wikipedia.org/wiki/Jud_Larson,Jud,Larson,1923-01-21,American,,
448,latifi,http://en.wikipedia.org/wiki/Nicholas_Latifi,Nicholas,Latifi,1995-06-29,Canadian,6,LAT
449,lauda,http://en.wikipedia.org/wiki/Niki_Lauda,Niki,Lauda,1949-02-22,Austrian,,
450,laurent,http://en.wikipedia.org/wiki/Roger_Laurent,Roger,Laurent,1913-02-21,Belgian,,
451,lavaggi,http://en.wikipedia.org/wiki/Giovanni_Lavaggi,Giovanni,Lavaggi,1958-02-18,Italian,,
452,lawrence,http://en.wikipedia.org/wiki/Chris_Lawrence_(racing_driver),Chris,Lawrence,1933-07-27,British,,
453,lawson,http://en.wikipedia.org/wiki/Liam_Lawson,Liam,Lawson,2002-02-11,New Zealander,40,LAW
454,leclerc,http://en.wikipedia.org/wiki/Charles_Leclerc,Charles,Leclerc,1997-10-16,Monegasque,16,LEC
455,leclere,http://en.wikipedia.org/wiki/Michel_Lecl%C3%A8re,Michel,Leclère,1946-03-18,French,,
456,lederle,http://en.wikipedia.org/wiki/Neville_Lederle,Neville,Lederle,1938-09-25,South African,,
457,lees,http://en.wikipedia.org/wiki/Geoff_Lees,Geoff,Lees,1951-05-01,British,,
458,legat,http://en.wikipedia.org/wiki/Arthur_Legat,Arthur,Legat,1898-11-01,Belgian,,
459,leoni,http://en.wikipedia.org/wiki/Lamberto_Leoni,Lamberto,Leoni,1953-05-24,Italian,,
460,leston,http://en.wikipedia.org/wiki/Les_Leston,Les,Leston,1920-12-16,British,,
461,levegh,http://en.wikipedia.org/wiki/Pierre_Levegh,Pierre,Levegh,1905-12-22,French,,
462,levrett,http://en.wikipedia.org/wiki/Bayliss_Levrett,Bayliss,Levrett,1914-02-14,American,,
463,lewis,http://en.wikipedia.org/wiki/Jackie_Lewis,Jackie,Lewis,1936-11-01,British,,
464,lewis-evans,http://en.wikipedia.org/wiki/Stuart_Lewis-Evans,Stuart,Lewis-Evans,1930-04-20,British,,
465,ligier,http://en.wikipedia.org/wiki/Guy_Ligier,Guy,Ligier,1930-07-12,French,,
466,linden,http://en.wikipedia.org/wiki/Andy_Linden_(racing_driver),Andy,Linden,1922-04-05,American,,
467,lippi,http://en.wikipedia.org/wiki/Roberto_Lippi,Roberto,Lippi,1926-10-17,Italian,,
468,liuzzi,http://en.wikipedia.org/wiki/Vitantonio_Liuzzi,Vitantonio,Liuzzi,1980-08-06,Italian,,LIU
469,lombardi,http://en.wikipedia.org/wiki/Lella_Lombardi,Lella,Lombardi,1941-03-26,Italian,,
470,londono,http://en.wikipedia.org/wiki/Ricardo_Londo%C3%B1o,Ricardo,Londoño,1949-08-08,Colombian,,
471,loof,http://en.wikipedia.org/wiki/Ernst_Loof,Ernst,Loof,1907-07-04,German,,
472,lotterer,http://en.wikipedia.org/wiki/Andr%C3%A9_Lotterer,André,Lotterer,1981-11-19,German,45,LOT
473,louveau,http://en.wikipedia.org/wiki/Henri_Louveau,Henri,Louveau,1910-01-25,French,,
474,love,http://en.wikipedia.org/wiki/John_Love_(racing_driver),John,Love,1924-12-07,Rhodesian,,
475,lovely,http://en.wikipedia.org/wiki/Pete_Lovely,Pete,Lovely,1926-04-11,American,,
476,loyer,http://en.wikipedia.org/wiki/Roger_Loyer,Roger,Loyer,1907-08-05,French,,
477,lucas,http://en.wikipedia.org/wiki/Jean_Lucas,Jean,Lucas,1917-04-25,French,,
478,lucienbonnet,http://en.wikipedia.org/wiki/Jean_Lucienbonnet,Jean,Lucienbonnet,1923-01-07,French,,
479,lunger,http://en.wikipedia.org/wiki/Brett_Lunger,Brett,Lunger,1945-11-14,American,,
480,hayje,http://en.wikipedia.org/wiki/Boy_Hayje,Boy,Lunger,1949-05-03,Dutch,,
481,macdowel,http://en.wikipedia.org/wiki/Mike_MacDowel,Mike,MacDowel,1932-09-13,British,,
482,mackay-fraser,http://en.wikipedia.org/wiki/Herbert_MacKay-Fraser,Herbert,MacKay-Fraser,1927-06-23,American,,
483,mackey,http://en.wikipedia.org/wiki/Bill_Mackey,Bill,Mackey,1927-12-15,American,,
484,macklin,http://en.wikipedia.org/wiki/Lance_Macklin,Lance,Macklin,1919-09-02,British,,
485,magee,http://en.wikipedia.org/wiki/Damien_Magee,Damien,Magee,1945-11-17,British,,
486,maggs,http://en.wikipedia.org/wiki/Tony_Maggs,Tony,Maggs,1937-02-09,South African,,
487,magill,http://en.wikipedia.org/wiki/Mike_Magill,Mike,Magill,1920-02-08,American,,
488,maglioli,http://en.wikipedia.org/wiki/Umberto_Maglioli,Umberto,Maglioli,1928-06-05,Italian,,
489,kevin_magnussen,http://en.wikipedia.org/wiki/Kevin_Magnussen,Kevin,Magnussen,1992-10-05,Danish,20,MAG
490,magnussen,http://en.wikipedia.org/wiki/Jan_Magnussen,Jan,Magnussen,1973-07-04,Danish,,MAG
491,mairesse,http://en.wikipedia.org/wiki/Willy_Mairesse,Willy,Mairesse,1928-10-01,Belgian,,
492,guy_mairesse,http://en.wikipedia.org/wiki/Guy_Mairesse,Guy,Mairesse,1910-08-10,French,,
493,maldonado,http://en.wikipedia.org/wiki/Pastor_Maldonado,Pastor,Maldonado,1985-03-09,Venezuelan,13,MAL
494,mansell,http://en.wikipedia.org/wiki/Nigel_Mansell,Nigel,Mansell,1953-08-08,British,,
495,mantovani,http://en.wikipedia.org/wiki/Sergio_Mantovani,Sergio,Mantovani,1929-05-22,Italian,,
496,mantz,http://en.wikipedia.org/wiki/Johnny_Mantz,Johnny,Mantz,1918-09-18,American,,
497,manzon,http://en.wikipedia.org/wiki/Robert_Manzon,Robert,Manzon,1917-04-12,French,,
498,marimon,http://en.wikipedia.org/wiki/Onofre_Marim%C3%B3n,Onofre,Marimón,1923-12-19,Argentine,,
499,marko,http://en.wikipedia.org/wiki/Helmut_Marko,Helmut,Marko,1943-04-27,Austrian,,
500,marques,http://en.wikipedia.org/wiki/Tarso_Marques,Tarso,Marques,1976-01-19,Brazilian,,
501,marr,http://en.wikipedia.org/wiki/Leslie_Marr,Leslie,Marr,1922-08-14,British,,
502,marsh,http://en.wikipedia.org/wiki/Tony_Marsh_(racing_driver),Tony,Marsh,1931-07-20,British,,
503,martin,http://en.wikipedia.org/wiki/Eug%C3%A8ne_Martin,Eugène,Martin,1915-03-24,French,,
504,martini,http://en.wikipedia.org/wiki/Pierluigi_Martini,Pierluigi,Martini,1961-04-23,Italian,,
505,mass,http://en.wikipedia.org/wiki/Jochen_Mass,Jochen,Mass,1946-09-30,German,,
506,massa,http://en.wikipedia.org/wiki/Felipe_Massa,Felipe,Massa,1981-04-25,Brazilian,19,MAS
507,may,http://en.wikipedia.org/wiki/Michael_May_(racing_driver),Michael,May,1934-08-18,Swiss,,
508,mayer,http://en.wikipedia.org/wiki/Timmy_Mayer,Timmy,Mayer,1938-02-22,American,,
509,mazepin,http://en.wikipedia.org/wiki/Nikita_Mazepin,Nikita,Mazepin,1999-03-02,Russian,9,MAZ
510,mazet,http://en.wikipedia.org/wiki/Fran%C3%A7ois_Mazet,François,Mazet,1943-02-24,French,,
511,mazzacane,http://en.wikipedia.org/wiki/Gast%C3%B3n_Mazzacane,Gastón,Mazzacane,1975-05-08,Argentine,,
512,mcalpine,http://en.wikipedia.org/wiki/Kenneth_McAlpine,Kenneth,McAlpine,1920-09-21,British,,
513,mccarthy,http://en.wikipedia.org/wiki/Perry_McCarthy,Perry,McCarthy,1961-03-03,British,,
514,mccoy,http://en.wikipedia.org/wiki/Ernie_McCoy,Ernie,McCoy,1921-02-19,American,,
515,mcdowell,http://en.wikipedia.org/wiki/Johnny_McDowell,Johnny,McDowell,1915-01-29,American,,
516,mcgrath,http://en.wikipedia.org/wiki/Jack_McGrath_(racing_driver),Jack,McGrath,1919-10-08,American,,
517,mcguire,http://en.wikipedia.org/wiki/Brian_McGuire,Brian,McGuire,1945-12-13,Australian,,
518,mclaren,http://en.wikipedia.org/wiki/Bruce_McLaren,Bruce,McLaren,1937-08-30,New Zealander,,
519,mcnish,http://en.wikipedia.org/wiki/Allan_McNish,Allan,McNish,1969-12-29,British,,
520,mcrae,http://en.wikipedia.org/wiki/Graham_McRae,Graham,McRae,1940-03-05,New Zealander,,
521,mcwithey,http://en.wikipedia.org/wiki/Jim_McWithey,Jim,McWithey,1927-07-04,American,,
522,menditeguy,http://en.wikipedia.org/wiki/Carlos_Menditeguy,Carlos,Menditeguy,1914-08-10,Argentine,,
523,merhi,http://en.wikipedia.org/wiki/Roberto_Merhi,Roberto,Merhi,1991-03-22,Spanish,98,MER
524,merzario,http://en.wikipedia.org/wiki/Arturo_Merzario,Arturo,Merzario,1943-03-11,Italian,,
525,mieres,http://en.wikipedia.org/wiki/Roberto_Mieres,Roberto,Mieres,1924-12-03,Argentine,,
526,migault,http://en.wikipedia.org/wiki/Fran%C3%A7ois_Migault,François,Migault,1944-12-04,French,,
527,miles,http://en.wikipedia.org/wiki/John_Miles_(auto_racer),John,Miles,1943-06-14,British,,
528,ken_miles,http://en.wikipedia.org/wiki/Ken_Miles,Ken,Miles,1918-11-01,British,,
529,milhoux,http://en.wikipedia.org/wiki/Andr%C3%A9_Milhoux,André,Milhoux,1928-12-09,Belgian,,
530,miller,http://en.wikipedia.org/wiki/Chet_Miller,Chet,Miller,1902-07-19,American,,
531,mitter,http://en.wikipedia.org/wiki/Gerhard_Mitter,Gerhard,Mitter,1935-08-30,German,,
532,modena,http://en.wikipedia.org/wiki/Stefano_Modena,Stefano,Modena,1963-05-12,Italian,,
533,monarch,http://en.wikipedia.org/wiki/Talk:1963_Mexican_Grand_Prix#Who_was_Thomas_Monarch.3F,Thomas,Monarch,1945-09-03,American,,
534,montagny,http://en.wikipedia.org/wiki/Franck_Montagny,Franck,Montagny,1978-01-05,French,,FMO
535,monteiro,http://en.wikipedia.org/wiki/Tiago_Monteiro,Tiago,Monteiro,1976-07-24,Portuguese,,TMO
536,montermini,http://en.wikipedia.org/wiki/Andrea_Montermini,Andrea,Montermini,1964-05-30,Italian,,
537,monteverdi,http://en.wikipedia.org/wiki/Peter_Monteverdi,Peter,Monteverdi,1934-06-07,Swiss,,
538,charrington,http://en.wikipedia.org/wiki/Robin_Montgomerie-Charrington,Robin,Montgomerie-Charrington,1915-06-23,British,,
539,morbidelli,http://en.wikipedia.org/wiki/Gianni_Morbidelli,Gianni,Morbidelli,1968-01-13,Italian,,
540,moreno,http://en.wikipedia.org/wiki/Roberto_Moreno,Roberto,Moreno,1959-02-11,Brazilian,,
541,morgan,http://en.wikipedia.org/wiki/Dave_Morgan_(racing_driver),Dave,Morgan,1944-08-07,British,,
542,moser,http://en.wikipedia.org/wiki/Silvio_Moser,Silvio,Moser,1941-04-24,Swiss,,
543,moss,http://en.wikipedia.org/wiki/Stirling_Moss,Stirling,Moss,1929-09-17,British,,
544,bill_moss,http://en.wikipedia.org/wiki/Bill_Moss_(racing_driver),Bill,Moss,1933-09-04,British,,
545,munaron,http://en.wikipedia.org/wiki/Gino_Munaron,Gino,Munaron,1928-04-02,Italian,,
546,murray,http://en.wikipedia.org/wiki/David_Murray_(driver),David,Murray,1909-12-28,British,,
547,musso,http://en.wikipedia.org/wiki/Luigi_Musso,Luigi,Musso,1924-07-28,Italian,,
548,nakajima,http://en.wikipedia.org/wiki/Kazuki_Nakajima,Kazuki,Nakajima,1985-01-11,Japanese,,NAK
549,satoru_nakajima,http://en.wikipedia.org/wiki/Satoru_Nakajima,Satoru,Nakajima,1953-02-23,Japanese,,
550,nakano,http://en.wikipedia.org/wiki/Shinji_Nakano,Shinji,Nakano,1971-04-01,Japanese,,
551,nalon,http://en.wikipedia.org/wiki/Duke_Nalon,Duke,Nalon,1913-03-02,American,,
552,nannini,http://en.wikipedia.org/wiki/Alessandro_Nannini,Alessandro,Nannini,1959-07-07,Italian,,
553,naspetti,http://en.wikipedia.org/wiki/Emanuele_Naspetti,Emanuele,Naspetti,1968-02-24,Italian,,
554,nasr,http://en.wikipedia.org/wiki/Felipe_Nasr,Felipe,Nasr,1992-08-21,Brazilian,12,NAS
555,natili,http://en.wikipedia.org/wiki/Massimo_Natili,Massimo,Natili,1935-07-28,Italian,,
556,naylor,http://en.wikipedia.org/wiki/Brian_Naylor,Brian,Naylor,1923-03-24,British,,
557,nazaruk,http://en.wikipedia.org/wiki/Mike_Nazaruk,Mike,Nazaruk,1921-10-02,American,,
558,needell,http://en.wikipedia.org/wiki/Tiff_Needell,Tiff,Needell,1951-10-29,British,,
559,nelleman,http://en.wikipedia.org/wiki/Jac_Nelleman,Jac,Nelleman,1944-04-19,Danish,,
560,neve,http://en.wikipedia.org/wiki/Patrick_Neve,Patrick,Nève,1949-10-13,Belgian,,
561,nicholson,http://en.wikipedia.org/wiki/John_Nicholson_(racing_driver),John,Nicholson,1941-10-06,New Zealander,,
562,niday,http://en.wikipedia.org/wiki/Cal_Niday,Cal,Niday,1914-04-29,American,,
563,niedermayr,http://en.wikipedia.org/wiki/Helmut_Niedermayr,Helmut,Niedermayr,1915-11-29,German,,
564,niemann,http://en.wikipedia.org/wiki/Brausch_Niemann,Brausch,Niemann,1939-01-07,South African,,
565,nilsson,http://en.wikipedia.org/wiki/Gunnar_Nilsson,Gunnar,Nilsson,1948-11-20,Swedish,,
566,noda,http://en.wikipedia.org/wiki/Hideki_Noda,Hideki,Noda,1969-03-07,Japanese,,
567,norris,http://en.wikipedia.org/wiki/Lando_Norris,Lando,Norris,1999-11-13,British,4,NOR
568,nuckey,http://en.wikipedia.org/wiki/Rodney_Nuckey,Rodney,Nuckey,1929-06-26,British,,
569,obrien,http://en.wikipedia.org/wiki/Robert_O%27Brien_(auto_racer),Robert,O'Brien,1908-04-11,American,,
570,connor,http://en.wikipedia.org/wiki/Pat_O%27Connor_(auto_racer),Pat,O'Connor,1928-10-09,American,,
571,ocon,http://en.wikipedia.org/wiki/Esteban_Ocon,Esteban,Ocon,1996-09-17,French,31,OCO
572,oliver,http://en.wikipedia.org/wiki/Jackie_Oliver,Jackie,Oliver,1942-08-14,British,,
573,ongais,http://en.wikipedia.org/wiki/Danny_Ongais,Danny,Ongais,1942-05-21,American,,
574,owen,http://en.wikipedia.org/wiki/Arthur_Owen,Arthur,Owen,1915-03-23,British,,
575,montoya,http://en.wikipedia.org/wiki/Juan_Pablo_Montoya,Juan,Pablo Montoya,1975-09-20,Colombian,,MON
576,pace,http://en.wikipedia.org/wiki/Carlos_Pace,Carlos,Pace,1944-10-06,Brazilian,,
577,pagani,http://en.wikipedia.org/wiki/Nello_Pagani,Nello,Pagani,1911-10-11,Italian,,
578,paletti,http://en.wikipedia.org/wiki/Riccardo_Paletti,Riccardo,Paletti,1958-06-15,Italian,,
579,palm,http://en.wikipedia.org/wiki/Torsten_Palm,Torsten,Palm,1947-07-23,Swedish,,
580,palmer,http://en.wikipedia.org/wiki/Jonathan_Palmer,Jonathan,Palmer,1956-11-07,British,,
581,jolyon_palmer,http://en.wikipedia.org/wiki/Jolyon_Palmer,Jolyon,Palmer,1991-01-20,British,30,PAL
582,panis,http://en.wikipedia.org/wiki/Olivier_Panis,Olivier,Panis,1966-09-02,French,,
583,pantano,http://en.wikipedia.org/wiki/Giorgio_Pantano,Giorgio,Pantano,1979-02-04,Italian,,
584,papis,http://en.wikipedia.org/wiki/Massimiliano_Papis,Massimiliano,Papis,1969-10-03,Italian,,
585,parkes,http://en.wikipedia.org/wiki/Mike_Parkes,Mike,Parkes,1931-09-24,British,,
586,parnell,http://en.wikipedia.org/wiki/Tim_Parnell,Tim,Parnell,1932-06-25,British,,
587,reg_parnell,http://en.wikipedia.org/wiki/Reg_Parnell,Reg,Parnell,1911-07-02,British,,
588,parsons,http://en.wikipedia.org/wiki/Johnnie_Parsons,Johnnie,Parsons,1918-07-04,American,,
589,patrese,http://en.wikipedia.org/wiki/Riccardo_Patrese,Riccardo,Patrese,1954-04-17,Italian,,
590,pease,http://en.wikipedia.org/wiki/Al_Pease,Al,Pease,1921-10-15,Canadian,,
591,penske,http://en.wikipedia.org/wiki/Roger_Penske,Roger,Penske,1937-02-20,American,,
592,perdisa,http://en.wikipedia.org/wiki/Cesare_Perdisa,Cesare,Perdisa,1932-10-21,Italian,,
593,perez,http://en.wikipedia.org/wiki/Sergio_P%C3%A9rez,Sergio,Pérez,1990-01-26,Mexican,11,PER
594,sala,http://en.wikipedia.org/wiki/Luis_Perez-Sala,Luis,Pérez-Sala,1959-05-15,Spanish,,
595,perkins,http://en.wikipedia.org/wiki/Larry_Perkins,Larry,Perkins,1950-03-18,Australian,,
596,pescarolo,http://en.wikipedia.org/wiki/Henri_Pescarolo,Henri,Pescarolo,1942-09-25,French,,
597,pesenti_rossi,http://en.wikipedia.org/wiki/Alessandro_Pesenti-Rossi,Alessandro,Pesenti-Rossi,1942-08-31,Italian,,
598,peters,http://en.wikipedia.org/wiki/Josef_Peters_(driver),Josef,Peters,1914-09-16,German,,
599,peterson,http://en.wikipedia.org/wiki/Ronnie_Peterson,Ronnie,Peterson,1944-02-14,Swedish,,
600,petrov,http://en.wikipedia.org/wiki/Vitaly_Petrov,Vitaly,Petrov,1984-09-08,Russian,,PET
601,pian,http://en.wikipedia.org/wiki/Alfredo_Pi%C3%A0n,Alfredo,Pián,1912-10-21,Argentine,,
602,piastri,http://en.wikipedia.org/wiki/Oscar_Piastri,Oscar,Piastri,2001-04-06,Australian,81,PIA
603,pic,http://en.wikipedia.org/wiki/Charles_Pic,Charles,Pic,1990-02-15,French,,PIC
604,picard,http://en.wikipedia.org/wiki/Fran%C3%A7ois_Picard,François,Picard,1921-04-26,French,,
605,pieterse,http://en.wikipedia.org/wiki/Ernie_Pieterse,Ernie,Pieterse,1938-07-04,South African,,
606,pietsch,http://en.wikipedia.org/wiki/Paul_Pietsch,Paul,Pietsch,1911-06-20,German,,
607,andre_pilette,http://en.wikipedia.org/wiki/Andr%C3%A9_Pilette,André,Pilette,1918-10-06,Belgian,,
608,pilette,http://en.wikipedia.org/wiki/Teddy_Pilette,Teddy,Pilette,1942-07-26,Belgian,,
609,piotti,http://en.wikipedia.org/wiki/Luigi_Piotti,Luigi,Piotti,1913-10-27,Italian,,
610,piper,http://en.wikipedia.org/wiki/David_Piper,David,Piper,1930-12-02,British,,
611,piquet,http://en.wikipedia.org/wiki/Nelson_Piquet,Nelson,Piquet,1952-08-17,Brazilian,,
612,piquet_jr,"http://en.wikipedia.org/wiki/Nelson_Piquet,_Jr.",Nelson,Piquet Jr.,1985-07-25,Brazilian,,PIQ
613,pirocchi,http://en.wikipedia.org/wiki/Renato_Pirocchi,Renato,Pirocchi,1933-03-26,Italian,,
614,pironi,http://en.wikipedia.org/wiki/Didier_Pironi,Didier,Pironi,1952-03-26,French,,
615,pirro,http://en.wikipedia.org/wiki/Emanuele_Pirro,Emanuele,Pirro,1962-01-12,Italian,,
616,pizzonia,http://en.wikipedia.org/wiki/Ant%C3%B4nio_Pizzonia,Antônio,Pizzonia,1980-09-11,Brazilian,,PIZ
617,pollet,http://en.wikipedia.org/wiki/Jacques_Pollet,Jacques,Pollet,1922-07-02,French,,
618,pon,http://en.wikipedia.org/wiki/Ben_Pon,Ben,Pon,1936-12-09,Dutch,,
619,poore,http://en.wikipedia.org/wiki/Dennis_Poore,Dennis,Poore,1916-08-19,British,,
620,posey,http://en.wikipedia.org/wiki/Sam_Posey,Sam,Posey,1944-05-26,American,,
621,pozzi,http://en.wikipedia.org/wiki/Charles_Pozzi,Charles,Pozzi,1909-08-27,French,,
622,pretorius,http://en.wikipedia.org/wiki/Jackie_Pretorius,Jackie,Pretorius,1934-11-22,South African,,
623,prinoth,http://en.wikipedia.org/wiki/Ernesto_Prinoth,Ernesto,Prinoth,1923-04-15,Italian,,
624,prophet,http://en.wikipedia.org/wiki/David_Prophet,David,Prophet,1937-10-09,British,,
625,prost,http://en.wikipedia.org/wiki/Alain_Prost,Alain,Prost,1955-02-24,French,,
626,pryce,http://en.wikipedia.org/wiki/Tom_Pryce,Tom,Pryce,1949-06-11,British,,
627,purley,http://en.wikipedia.org/wiki/David_Purley,David,Purley,1945-01-26,British,,
628,puzey,http://en.wikipedia.org/wiki/Clive_Puzey,Clive,Puzey,1941-07-11,Rhodesian,,
629,quester,http://en.wikipedia.org/wiki/Dieter_Quester,Dieter,Quester,1939-05-30,Austrian,,
630,raby,http://en.wikipedia.org/wiki/Ian_Raby,Ian,Raby,1921-09-22,British,,
631,rahal,http://en.wikipedia.org/wiki/Bobby_Rahal,Bobby,Rahal,1953-01-10,American,,
632,raikkonen,http://en.wikipedia.org/wiki/Kimi_R%C3%A4ikk%C3%B6nen,Kimi,Räikkönen,1979-10-17,Finnish,7,RAI
633,raphanel,http://en.wikipedia.org/wiki/Pierre-Henri_Raphanel,Pierre-Henri,Raphanel,1961-05-27,French,,
634,rathmann,http://en.wikipedia.org/wiki/Jim_Rathmann,Jim,Rathmann,1928-07-16,American,,
635,dick_rathmann,http://en.wikipedia.org/wiki/Dick_Rathmann,Dick,Rathmann,1924-01-06,American,,
636,ratzenberger,http://en.wikipedia.org/wiki/Roland_Ratzenberger,Roland,Ratzenberger,1960-07-04,Austrian,,
637,rebaque,http://en.wikipedia.org/wiki/Hector_Rebaque,Hector,Rebaque,1956-02-05,Mexican,,
638,redman,http://en.wikipedia.org/wiki/Brian_Redman,Brian,Redman,1937-03-09,British,,
639,reece,http://en.wikipedia.org/wiki/Jimmy_Reece,Jimmy,Reece,1929-11-17,American,,
640,reed,http://en.wikipedia.org/wiki/Ray_Reed,Ray,Reed,1932-04-30,South African,,
641,rees,http://en.wikipedia.org/wiki/Alan_Rees_(racing_driver),Alan,Rees,1938-01-12,British,,
642,regazzoni,http://en.wikipedia.org/wiki/Clay_Regazzoni,Clay,Regazzoni,1939-09-05,Swiss,,
643,reutemann,http://en.wikipedia.org/wiki/Carlos_Reutemann,Carlos,Reutemann,1942-04-12,Argentine,,
644,reventlow,http://en.wikipedia.org/wiki/Lance_Reventlow,Lance,Reventlow,1936-02-24,American,,
645,revson,http://en.wikipedia.org/wiki/Peter_Revson,Peter,Revson,1939-02-27,American,,
646,rhodes,http://en.wikipedia.org/wiki/John_Rhodes_(driver),John,Rhodes,1927-08-18,British,,
647,ribeiro,http://en.wikipedia.org/wiki/Alex_Ribeiro,Alex,Ribeiro,1948-11-07,Brazilian,,
648,ricciardo,http://en.wikipedia.org/wiki/Daniel_Ricciardo,Daniel,Ricciardo,1989-07-01,Australian,3,RIC
649,richardson,http://en.wikipedia.org/wiki/Ken_Richardson_(race_car_driver),Ken,Richardson,1911-08-21,British,,
650,riess,http://en.wikipedia.org/wiki/Fritz_Riess,Fritz,Riess,1922-07-11,German,,
651,rigsby,http://en.wikipedia.org/wiki/Jim_Rigsby,Jim,Rigsby,1923-06-06,American,,
652,rindt,http://en.wikipedia.org/wiki/Jochen_Rindt,Jochen,Rindt,1942-04-18,Austrian,,
653,riseley_prichard,http://en.wikipedia.org/wiki/John_Riseley-Prichard,John,Riseley-Prichard,1924-01-17,British,,
654,robarts,http://en.wikipedia.org/wiki/Richard_Robarts,Richard,Robarts,1944-09-22,British,,
655,rodriguez,http://en.wikipedia.org/wiki/Pedro_Rodr%C3%ADguez_(racing_driver),Pedro,Rodríguez,1940-01-18,Mexican,,
656,ricardo_rodriguez,http://en.wikipedia.org/wiki/Ricardo_Rodr%C3%ADguez_(Formula_One),Ricardo,Rodríguez,1942-02-14,Mexican,,
657,rol,http://en.wikipedia.org/wiki/Franco_Rol,Franco,Rol,1908-06-05,Italian,,
658,rollinson,http://en.wikipedia.org/wiki/Alan_Rollinson,Alan,Rollinson,1943-05-15,British,,
659,rolt,http://en.wikipedia.org/wiki/Tony_Rolt,Tony,Rolt,1918-10-16,British,,
660,roos,http://en.wikipedia.org/wiki/Bertil_Roos,Bertil,Roos,1943-10-12,Swedish,,
661,rosberg,http://en.wikipedia.org/wiki/Nico_Rosberg,Nico,Rosberg,1985-06-27,German,6,ROS
662,keke_rosberg,http://en.wikipedia.org/wiki/Keke_Rosberg,Keke,Rosberg,1948-12-06,Finnish,,
663,rose,http://en.wikipedia.org/wiki/Mauri_Rose,Mauri,Rose,1906-05-26,American,,
664,rosier,http://en.wikipedia.org/wiki/Louis_Rosier,Louis,Rosier,1905-11-05,French,,
665,rosset,http://en.wikipedia.org/wiki/Ricardo_Rosset,Ricardo,Rosset,1968-07-27,Brazilian,,
666,rossi,http://en.wikipedia.org/wiki/Alexander_Rossi_%28racing_driver%29,Alexander,Rossi,1991-09-25,American,53,RSS
667,rothengatter,http://en.wikipedia.org/wiki/Huub_Rothengatter,Huub,Rothengatter,1954-10-08,Dutch,,
668,ruby,http://en.wikipedia.org/wiki/Lloyd_Ruby,Lloyd,Ruby,1928-01-12,American,,
669,russell,http://en.wikipedia.org/wiki/George_Russell_(racing_driver),George,Russell,1998-02-15,British,63,RUS
670,russo,http://en.wikipedia.org/wiki/Eddie_Russo,Eddie,Russo,1925-11-19,American,,
671,paul_russo,http://en.wikipedia.org/wiki/Paul_Russo,Paul,Russo,1914-04-10,American,,
672,geki,http://en.wikipedia.org/wiki/Geki_(driver),Giacomo,Russo,1937-10-23,Italian,,
673,ruttman,http://en.wikipedia.org/wiki/Troy_Ruttman,Troy,Ruttman,1930-03-11,American,,
674,ryan,http://en.wikipedia.org/wiki/Peter_Ryan_(driver),Peter,Ryan,1940-06-10,Canadian,,
675,sachs,http://en.wikipedia.org/wiki/Eddie_Sachs,Eddie,Sachs,1927-05-28,American,,
676,said,http://en.wikipedia.org/wiki/Bob_Said,Bob,Said,1932-05-05,American,,
677,sainz,http://en.wikipedia.org/wiki/Carlos_Sainz_Jr.,Carlos,Sainz,1994-09-01,Spanish,55,SAI
678,salazar,http://en.wikipedia.org/wiki/Eliseo_Salazar,Eliseo,Salazar,1954-11-14,Chilean,,
679,salo,http://en.wikipedia.org/wiki/Mika_Salo,Mika,Salo,1966-11-30,Finnish,,
680,salvadori,http://en.wikipedia.org/wiki/Roy_Salvadori,Roy,Salvadori,1922-05-12,British,,
681,sanesi,http://en.wikipedia.org/wiki/Consalvo_Sanesi,Consalvo,Sanesi,1911-03-28,Italian,,
682,sargeant,http://en.wikipedia.org/wiki/Logan_Sargeant,Logan,Sargeant,2000-12-31,American,2,SAR
683,sarrazin,http://en.wikipedia.org/wiki/St%C3%A9phane_Sarrazin,Stéphane,Sarrazin,1975-11-02,French,,
684,sato,http://en.wikipedia.org/wiki/Takuma_Sato,Takuma,Sato,1977-01-28,Japanese,,SAT
685,scarborough,http://en.wikipedia.org/wiki/Carl_Scarborough,Carl,Scarborough,1914-07-03,American,,
686,scarfiotti,http://en.wikipedia.org/wiki/Ludovico_Scarfiotti,Ludovico,Scarfiotti,1933-10-18,Italian,,
687,scarlatti,http://en.wikipedia.org/wiki/Giorgio_Scarlatti,Giorgio,Scarlatti,1921-10-02,Italian,,
688,scheckter,http://en.wikipedia.org/wiki/Jody_Scheckter,Jody,Scheckter,1950-01-29,South African,,
689,ian_scheckter,http://en.wikipedia.org/wiki/Ian_Scheckter,Ian,Scheckter,1947-08-22,South African,,
690,schell,http://en.wikipedia.org/wiki/Harry_Schell,Harry,Schell,1921-06-29,American,,
691,schenken,http://en.wikipedia.org/wiki/Tim_Schenken,Tim,Schenken,1943-09-26,Australian,,
692,scherrer,http://en.wikipedia.org/wiki/Albert_Scherrer,Albert,Scherrer,1908-02-28,Swiss,,
693,schiattarella,http://en.wikipedia.org/wiki/Domenico_Schiattarella,Domenico,Schiattarella,1967-11-17,Italian,,
694,schiller,http://en.wikipedia.org/wiki/Heinz_Schiller,Heinz,Schiller,1930-01-25,Swiss,,
695,schindler,http://en.wikipedia.org/wiki/Bill_Schindler,Bill,Schindler,1909-03-06,American,,
696,schlesser,http://en.wikipedia.org/wiki/Jean-Louis_Schlesser,Jean-Louis,Schlesser,1948-09-12,French,,
697,jo_schlesser,http://en.wikipedia.org/wiki/Jo_Schlesser,Jo,Schlesser,1928-05-18,French,,
698,schneider,http://en.wikipedia.org/wiki/Bernd_Schneider_(racecar_driver),Bernd,Schneider,1964-07-20,German,,
699,schoeller,http://en.wikipedia.org/wiki/Rudolf_Schoeller,Rudolf,Schoeller,1902-04-27,Swiss,,
700,schroeder,http://en.wikipedia.org/wiki/Rob_Schroeder,Rob,Schroeder,1926-05-11,British,,
701,mick_schumacher,http://en.wikipedia.org/wiki/Mick_Schumacher,Mick,Schumacher,1999-03-22,German,47,MSC
702,ralf_schumacher,http://en.wikipedia.org/wiki/Ralf_Schumacher,Ralf,Schumacher,1975-06-30,German,,SCH
703,michael_schumacher,http://en.wikipedia.org/wiki/Michael_Schumacher,Michael,Schumacher,1969-01-03,German,,MSC
704,schuppan,http://en.wikipedia.org/wiki/Vern_Schuppan,Vern,Schuppan,1943-03-19,Australian,,
705,bob_scott,http://en.wikipedia.org/wiki/Bob_Scott_(auto_racer),Bob,Scott,1928-10-04,American,,
706,scott_Brown,http://en.wikipedia.org/wiki/Archie_Scott_Brown,Archie,Scott Brown,1927-05-13,British,,
707,scotti,http://en.wikipedia.org/wiki/Piero_Scotti,Piero,Scotti,1909-11-11,Italian,,
708,seidel,http://en.wikipedia.org/wiki/Wolfgang_Seidel,Wolfgang,Seidel,1926-07-04,German,,
709,seiffert,http://en.wikipedia.org/wiki/G%C3%BCnther_Seiffert,Günther,Seiffert,1937-10-18,German,,
710,bruno_senna,http://en.wikipedia.org/wiki/Bruno_Senna,Bruno,Senna,1983-10-15,Brazilian,,SEN
711,senna,http://en.wikipedia.org/wiki/Ayrton_Senna,Ayrton,Senna,1960-03-21,Brazilian,,
712,serafini,http://en.wikipedia.org/wiki/Dorino_Serafini,Dorino,Serafini,1909-07-22,Italian,,
713,serra,http://en.wikipedia.org/wiki/Chico_Serra,Chico,Serra,1957-02-03,Brazilian,,
714,serrurier,http://en.wikipedia.org/wiki/Doug_Serrurier,Doug,Serrurier,1920-12-09,South African,,
715,gavin,http://en.wikipedia.org/wiki/Johnny_Servoz-Gavin,Johnny,Servoz-Gavin,1942-01-18,French,,
716,settember,http://en.wikipedia.org/wiki/Tony_Settember,Tony,Settember,1926-07-10,American,,
717,sharp,http://en.wikipedia.org/wiki/Hap_Sharp,Hap,Sharp,1928-01-01,American,,
718,shawe_taylor,http://en.wikipedia.org/wiki/Brian_Shawe_Taylor,Brian,Shawe Taylor,1915-01-28,British,,
719,shelby,http://en.wikipedia.org/wiki/Carroll_Shelby,Carroll,Shelby,1923-01-11,American,,
720,shelly,http://en.wikipedia.org/wiki/Tony_Shelly,Tony,Shelly,1937-02-02,New Zealander,,
721,siffert,http://en.wikipedia.org/wiki/Jo_Siffert,Jo,Siffert,1936-07-07,Swiss,,
722,simon,http://en.wikipedia.org/wiki/Andr%C3%A9_Simon_(racing_driver),André,Simon,1920-01-05,French,,
723,sirotkin,http://en.wikipedia.org/wiki/Sergey_Sirotkin_(racing_driver),Sergey,Sirotkin,1995-08-27,Russian,35,SIR
724,slotemaker,http://en.wikipedia.org/wiki/Rob_Slotemaker,Rob,Slotemaker,1929-06-13,Dutch,,
725,solana,http://en.wikipedia.org/wiki/Mois%C3%A9s_Solana,Moisés,Solana,1935-12-26,Mexican,,
726,roig,http://en.wikipedia.org/wiki/Alex_Soler-Roig,Alex,Soler-Roig,1932-10-29,Spanish,,
727,sommer,http://en.wikipedia.org/wiki/Raymond_Sommer,Raymond,Sommer,1906-08-31,French,,
728,sospiri,http://en.wikipedia.org/wiki/Vincenzo_Sospiri,Vincenzo,Sospiri,1966-10-07,Italian,,
729,south,http://en.wikipedia.org/wiki/Stephen_South,Stephen,South,1952-02-19,British,,
730,sparken,http://en.wikipedia.org/wiki/Mike_Sparken,Mike,Sparken,1930-06-16,French,,
731,speed,http://en.wikipedia.org/wiki/Scott_Speed,Scott,Speed,1983-01-24,American,,SPE
732,spence,http://en.wikipedia.org/wiki/Mike_Spence,Mike,Spence,1936-12-30,British,,
733,stacey,http://en.wikipedia.org/wiki/Alan_Stacey,Alan,Stacey,1933-08-29,British,,
734,starrabba,http://en.wikipedia.org/wiki/Gaetano_Starrabba,Gaetano,Starrabba,1932-12-03,Italian,,
735,stevens,http://en.wikipedia.org/wiki/Will_Stevens,Will,Stevens,1991-06-28,British,28,STE
736,stevenson,http://en.wikipedia.org/wiki/Chuck_Stevenson,Chuck,Stevenson,1919-10-15,American,,
737,jimmy_stewart,http://en.wikipedia.org/wiki/Jimmy_Stewart_(racing_driver),Jimmy,Stewart,1931-03-06,British,,
738,ian_stewart,http://en.wikipedia.org/wiki/Ian_Stewart_(racing_driver),Ian,Stewart,1929-07-15,British,,
739,stewart,http://en.wikipedia.org/wiki/Jackie_Stewart,Jackie,Stewart,1939-06-11,British,,
740,stohr,http://en.wikipedia.org/wiki/Siegfried_Stohr,Siegfried,Stohr,1952-10-10,Italian,,
741,stommelen,http://en.wikipedia.org/wiki/Rolf_Stommelen,Rolf,Stommelen,1943-07-11,German,,
742,streiff,http://en.wikipedia.org/wiki/Philippe_Streiff,Philippe,Streiff,1955-06-26,French,,
743,stroll,http://en.wikipedia.org/wiki/Lance_Stroll,Lance,Stroll,1998-10-29,Canadian,18,STR
744,stuck,http://en.wikipedia.org/wiki/Hans_Joachim_Stuck,Hans-Joachim,Stuck,1951-01-01,German,,
745,stuppacher,http://en.wikipedia.org/wiki/Otto_Stuppacher,Otto,Stuppacher,1947-03-03,Austrian,,
746,sullivan,http://en.wikipedia.org/wiki/Danny_Sullivan,Danny,Sullivan,1950-03-09,American,,
747,surer,http://en.wikipedia.org/wiki/Marc_Surer,Marc,Surer,1951-09-18,Swiss,,
748,surtees,http://en.wikipedia.org/wiki/John_Surtees,John,Surtees,1934-02-11,British,,
749,sutcliffe,http://en.wikipedia.org/wiki/Andy_Sutcliffe,Andy,Sutcliffe,1947-05-09,British,,
750,sutil,http://en.wikipedia.org/wiki/Adrian_Sutil,Adrian,Sutil,1983-01-11,German,99,SUT
751,sutton,http://en.wikipedia.org/wiki/Len_Sutton,Len,Sutton,1925-08-09,American,,
752,suzuki,http://en.wikipedia.org/wiki/Aguri_Suzuki,Aguri,Suzuki,1960-09-08,Japanese,,
753,toshio_suzuki,http://en.wikipedia.org/wiki/Toshio_Suzuki_(driver),Toshio,Suzuki,1955-03-10,Japanese,,
754,swaters,http://en.wikipedia.org/wiki/Jacques_Swaters,Jacques,Swaters,1926-10-30,American,,
755,sweikert,http://en.wikipedia.org/wiki/Bob_Sweikert,Bob,Sweikert,1926-05-20,American,,
756,takagi,http://en.wikipedia.org/wiki/Toranosuke_Takagi,Toranosuke,Takagi,1974-02-12,Japanese,,
757,takahara,http://en.wikipedia.org/wiki/Noritake_Takahara,Noritake,Takahara,1951-06-06,Japanese,,
758,takahashi,http://en.wikipedia.org/wiki/Kunimitsu_Takahashi,Kunimitsu,Takahashi,1940-01-29,Japanese,,
759,tambay,http://en.wikipedia.org/wiki/Patrick_Tambay,Patrick,Tambay,1949-06-25,French,,
760,taramazzo,http://en.wikipedia.org/wiki/Luigi_Taramazzo,Luigi,Taramazzo,1932-05-05,Italian,,
761,tarquini,http://en.wikipedia.org/wiki/Gabriele_Tarquini,Gabriele,Tarquini,1962-03-02,Italian,,
762,taruffi,http://en.wikipedia.org/wiki/Piero_Taruffi,Piero,Taruffi,1906-10-12,Italian,,
763,henry_taylor,http://en.wikipedia.org/wiki/Henry_Taylor_(racing_driver),Henry,Taylor,1932-12-16,British,,
764,mike_taylor,http://en.wikipedia.org/wiki/Mike_Taylor_(driver),Mike,Taylor,1934-04-24,British,,
765,dennis_taylor,http://en.wikipedia.org/wiki/Dennis_Taylor_(racing_driver),Dennis,Taylor,1921-06-12,British,,
766,taylor,http://en.wikipedia.org/wiki/John_Taylor_(racer),John,Taylor,1933-03-23,British,,
767,trevor_taylor,http://en.wikipedia.org/wiki/Trevor_Taylor,Trevor,Taylor,1936-12-26,British,,
768,teague,http://en.wikipedia.org/wiki/Marshall_Teague_(racing_driver),Marshall,Teague,1921-02-22,American,,
769,templeman,http://en.wikipedia.org/wiki/Shorty_Templeman,Shorty,Templeman,1919-08-12,American,,
770,testut,http://en.wikipedia.org/wiki/Andr%C3%A9_Testut,André,Testut,1926-04-13,Monegasque,,
771,thackwell,http://en.wikipedia.org/wiki/Mike_Thackwell,Mike,Thackwell,1961-03-30,New Zealander,,
772,thiele,http://en.wikipedia.org/wiki/Alfonso_Thiele,Alfonso,Thiele,1920-04-05,American-Italian,,
773,thompson,http://en.wikipedia.org/wiki/Eric_Thompson_(racing_driver),Eric,Thompson,1919-11-04,British,,
774,thomson,http://en.wikipedia.org/wiki/Johnny_Thomson,Johnny,Thomson,1922-04-09,American,,
775,thorne,http://en.wikipedia.org/wiki/Leslie_Thorne,Leslie,Thorne,1916-06-23,British,,
776,tingelstad,http://en.wikipedia.org/wiki/Bud_Tingelstad,Bud,Tingelstad,1928-04-04,American,,
777,tingle,http://en.wikipedia.org/wiki/Sam_Tingle,Sam,Tingle,1921-08-24,Rhodesian,,
778,titterington,http://en.wikipedia.org/wiki/Desmond_Titterington,Desmond,Titterington,1928-05-01,British,,
779,tolan,http://en.wikipedia.org/wiki/Johnnie_Tolan,Johnnie,Tolan,1917-10-22,American,,
780,trimmer,http://en.wikipedia.org/wiki/Tony_Trimmer,Tony,Trimmer,1943-01-24,British,,
781,trintignant,http://en.wikipedia.org/wiki/Maurice_Trintignant,Maurice,Trintignant,1917-10-30,French,,
782,trulli,http://en.wikipedia.org/wiki/Jarno_Trulli,Jarno,Trulli,1974-07-13,Italian,,TRU
783,tsunoda,http://en.wikipedia.org/wiki/Yuki_Tsunoda,Yuki,Tsunoda,2000-05-11,Japanese,22,TSU
784,tuero,http://en.wikipedia.org/wiki/Esteban_Tuero,Esteban,Tuero,1978-04-22,Argentine,,
785,tunmer,http://en.wikipedia.org/wiki/Guy_Tunmer,Guy,Tunmer,1948-12-01,South African,,
786,turner,http://en.wikipedia.org/wiki/Jack_Turner_(driver),Jack,Turner,1920-02-12,American,,
787,ulmen,http://en.wikipedia.org/wiki/Toni_Ulmen,Toni,Ulmen,1906-01-25,German,,
788,jerry_unser,http://en.wikipedia.org/wiki/Jerry_Unser,Jerry,Unser,1932-11-15,American,,
789,unser,http://en.wikipedia.org/wiki/Bobby_Unser,Bobby,Unser,1934-02-20,American,,
790,uria,http://en.wikipedia.org/wiki/Alberto_Uria,Alberto,Uria,1924-07-11,Uruguayan,,
791,vaccarella,http://en.wikipedia.org/wiki/Nino_Vaccarella,Nino,Vaccarella,1933-03-04,Italian,,
792,poele,http://en.wikipedia.org/wiki/Eric_van_de_Poele,Eric,van de Poele,1961-09-30,Belgian,,
793,garde,http://en.wikipedia.org/wiki/Giedo_van_der_Garde,Giedo,van der Garde,1985-04-25,Dutch,,VDG
794,lof,http://en.wikipedia.org/wiki/Dries_van_der_Lof,Dries,van der Lof,1919-08-23,Dutch,,
795,vyver,http://en.wikipedia.org/wiki/Syd_van_der_Vyver,Syd,van der Vyver,1920-06-01,South African,,
796,lennep,http://en.wikipedia.org/wiki/Gijs_Van_Lennep,Gijs,van Lennep,1942-03-16,Dutch,,
797,rooyen,http://en.wikipedia.org/wiki/Basil_van_Rooyen,Basil,van Rooyen,1939-04-19,South African,,
798,vandoorne,http://en.wikipedia.org/wiki/Stoffel_Vandoorne,Stoffel,Vandoorne,1992-03-26,Belgian,2,VAN
799,veith,http://en.wikipedia.org/wiki/Bob_Veith,Bob,Veith,1926-11-01,American,,
800,vergne,http://en.wikipedia.org/wiki/Jean-%C3%89ric_Vergne,Jean-Éric,Vergne,1990-04-25,French,25,VER
801,max_verstappen,http://en.wikipedia.org/wiki/Max_Verstappen,Max,Verstappen,1997-09-30,Dutch,33,VER
802,verstappen,http://en.wikipedia.org/wiki/Jos_Verstappen,Jos,Verstappen,1972-03-04,Dutch,,
803,vettel,http://en.wikipedia.org/wiki/Sebastian_Vettel,Sebastian,Vettel,1987-07-03,German,5,VET
804,villeneuve,http://en.wikipedia.org/wiki/Jacques_Villeneuve,Jacques,Villeneuve,1971-04-09,Canadian,,VIL
805,gilles_villeneuve,http://en.wikipedia.org/wiki/Gilles_Villeneuve,Gilles,Villeneuve,1950-01-18,Canadian,,
806,villeneuve_sr,http://en.wikipedia.org/wiki/Jacques_Villeneuve_(elder),Jacques,Villeneuve Sr.,1953-11-04,Canadian,,
807,villoresi,http://en.wikipedia.org/wiki/Luigi_Villoresi,Luigi,Villoresi,1909-05-16,Italian,,
808,volonterio,http://en.wikipedia.org/wiki/Ottorino_Volonterio,Ottorino,Volonterio,1917-12-07,Swiss,,
809,opel,http://en.wikipedia.org/wiki/Rikky_von_Opel,Rikky,von Opel,1947-10-14,Liechtensteiner,,
810,hans_stuck,http://en.wikipedia.org/wiki/Hans_Von_Stuck,Hans,von Stuck,1900-12-27,German,,
811,trips,http://en.wikipedia.org/wiki/Wolfgang_Graf_Berghe_von_Trips,Wolfgang,von Trips,1928-05-04,German,,
812,vonlanthen,http://en.wikipedia.org/wiki/Jo_Vonlanthen,Jo,Vonlanthen,1942-05-31,Swiss,,
813,vukovich,http://en.wikipedia.org/wiki/Bill_Vukovich,Bill,Vukovich,1918-12-13,American,,
814,wacker,http://en.wikipedia.org/wiki/Fred_Wacker,Fred,Wacker,1918-07-10,American,,
815,peter_walker,http://en.wikipedia.org/wiki/Peter_Walker_(driver),Peter,Walker,1912-10-07,British,,
816,walker,http://en.wikipedia.org/wiki/David_Walker_(racing_driver),David,Walker,1941-06-10,Australian,,
817,wallard,http://en.wikipedia.org/wiki/Lee_Wallard,Lee,Wallard,1910-09-07,American,,
818,walter,http://en.wikipedia.org/wiki/Heini_Walter,Heini,Walter,1927-07-28,Swiss,,
819,ward,http://en.wikipedia.org/wiki/Rodger_Ward,Rodger,Ward,1921-01-10,American,,
820,warwick,http://en.wikipedia.org/wiki/Derek_Warwick,Derek,Warwick,1954-08-27,British,,
821,watson,http://en.wikipedia.org/wiki/John_Watson_(racing_driver),John,Watson,1946-05-04,British,,
822,webb,http://en.wikipedia.org/wiki/Travis_Webb,Travis,Webb,1910-10-08,American,,
823,webber,http://en.wikipedia.org/wiki/Mark_Webber_(racing_driver),Mark,Webber,1976-08-27,Australian,,WEB
824,wehrlein,http://en.wikipedia.org/wiki/Pascal_Wehrlein,Pascal,Wehrlein,1994-10-18,German,94,WEH
825,weidler,http://en.wikipedia.org/wiki/Volker_Weidler,Volker,Weidler,1962-03-18,German,,
826,weiler,http://en.wikipedia.org/wiki/Wayne_Weiler,Wayne,Weiler,1934-12-09,American,,
827,wendlinger,http://en.wikipedia.org/wiki/Karl_Wendlinger,Karl,Wendlinger,1968-12-20,Austrian,,
828,westbury,http://en.wikipedia.org/wiki/Peter_Westbury,Peter,Westbury,1938-05-26,British,,
829,weyant,http://en.wikipedia.org/wiki/Chuck_Weyant,Chuck,Weyant,1923-04-03,American,,
830,wharton,http://en.wikipedia.org/wiki/Ken_Wharton,Ken,Wharton,1916-03-21,British,,
831,whiteaway,http://en.wikipedia.org/wiki/Ted_Whiteaway,Ted,Whiteaway,1928-11-01,British,,
832,whitehead,http://en.wikipedia.org/wiki/Peter_Whitehead_(racing_driver),Peter,Whitehead,1914-11-12,British,,
833,graham_whitehead,http://en.wikipedia.org/wiki/Graham_Whitehead,Graham,Whitehead,1922-04-15,British,,
834,whitehouse,http://en.wikipedia.org/wiki/Bill_Whitehouse,Bill,Whitehouse,1909-04-01,British,,
835,widdows,http://en.wikipedia.org/wiki/Robin_Widdows,Robin,Widdows,1942-05-27,British,,
836,wietzes,http://en.wikipedia.org/wiki/Eppie_Wietzes,Eppie,Wietzes,1938-05-28,Canadian,,
837,wilds,http://en.wikipedia.org/wiki/Mike_Wilds,Mike,Wilds,1946-01-07,British,,
838,williams,http://en.wikipedia.org/wiki/Jonathan_Williams_(racing_driver),Jonathan,Williams,1942-10-26,British,,
839,williamson,http://en.wikipedia.org/wiki/Roger_Williamson,Roger,Williamson,1948-02-02,British,,
840,wilson,http://en.wikipedia.org/wiki/Justin_Wilson_(racing_driver),Justin,Wilson,1978-07-31,British,,
841,desire_wilson,http://en.wikipedia.org/wiki/Desir%C3%A9_Wilson,Desiré,Wilson,1953-11-26,South African,,
842,vic_wilson,http://en.wikipedia.org/wiki/Vic_Wilson_(motor_racing_driver),Vic,Wilson,1931-04-14,British,,
843,dempsey_wilson,http://en.wikipedia.org/wiki/Dempsey_Wilson,Dempsey,Wilson,1927-03-11,American,,
844,markus_winkelhock,http://en.wikipedia.org/wiki/Markus_Winkelhock,Markus,Winkelhock,1980-06-13,German,,WIN
845,joachim_winkelhock,http://en.wikipedia.org/wiki/Joachim_Winkelhock,Joachim,Winkelhock,1960-10-24,German,,
846,manfred_winkelhock,http://en.wikipedia.org/wiki/Manfred_Winkelhock,Manfred,Winkelhock,1951-10-06,German,,
847,wisell,http://en.wikipedia.org/wiki/Reine_Wisell,Reine,Wisell,1941-09-30,Swedish,,
848,wunderink,http://en.wikipedia.org/wiki/Roelof_Wunderink,Roelof,Wunderink,1948-12-12,Dutch,,
849,wurz,http://en.wikipedia.org/wiki/Alexander_Wurz,Alexander,Wurz,1974-02-15,Austrian,,WUR
850,yamamoto,http://en.wikipedia.org/wiki/Sakon_Yamamoto,Sakon,Yamamoto,1982-07-09,Japanese,,YAM
851,yoong,http://en.wikipedia.org/wiki/Alex_Yoong,Alex,Yoong,1976-07-20,Malaysian,,
852,zanardi,http://en.wikipedia.org/wiki/Alex_Zanardi,Alessandro,Zanardi,1966-10-23,Italian,,
853,zapico,http://en.wikipedia.org/wiki/Emilio_Zapico,Emilio,Zapico,1944-05-27,Spanish,,
854,zhou,http://en.wikipedia.org/wiki/Zhou_Guanyu,Guanyu,Zhou,1999-05-30,Chinese,24,ZHO
855,zonta,http://en.wikipedia.org/wiki/Ricardo_Zonta,Ricardo,Zonta,1976-03-23,Brazilian,,ZON
856,zorzi,http://en.wikipedia.org/wiki/Renzo_Zorzi,Renzo,Zorzi,1946-12-12,Italian,,
857,zunino,http://en.wikipedia.org/wiki/Ricardo_Zunino,Ricardo,Zunino,1949-04-13,Argentine,,
